date,community,instagram,blog,news,youtube,total
2022-07-29,40,95,114,0,5,254
2022-07-30,24,77,84,0,4,189
2022-07-31,33,85,129,0,1,248
2022-08-01,48,108,130,0,6,292
2022-08-02,42,83,113,1,3,242
2022-08-03,42,79,123,0,5,249
2022-08-04,38,100,75,0,3,216
2022-08-05,53,82,96,1,4,236
2022-08-06,47,75,99,0,10,231
2022-08-07,33,83,160,0,5,281
2022-08-08,45,90,114,1,0,250
2022-08-09,53,78,93,0,3,227
2022-08-10,40,110,103,0,7,260
2022-08-11,50,80,97,0,2,229
2022-08-12,47,102,96,1,9,255
2022-08-13,40,95,103,0,5,243
2022-08-14,42,63,141,0,5,251
2022-08-15,32,90,99,0,5,226
2022-08-16,36,93,108,1,4,242
2022-08-17,57,105,102,0,8,272
2022-08-18,61,108,100,0,3,272
2022-08-19,73,94,84,0,10,261
2022-08-20,53,82,96,0,2,233
2022-08-21,42,83,151,0,4,280
2022-08-22,51,85,129,1,2,268
2022-08-23,51,74,92,0,1,218
2022-08-24,45,89,96,4,6,240
2022-08-25,73,87,84,1,2,247
2022-08-26,59,97,107,4,8,275
2022-08-27,43,93,77,0,4,217
2022-08-28,43,121,161,0,1,326
2022-08-29,52,132,114,0,4,302
2022-08-30,41,114,92,0,6,253
2022-08-31,56,76,79,0,6,217
2022-09-01,49,108,97,0,3,257
2022-09-02,59,89,60,1,9,218
2022-09-03,51,104,74,0,3,232
2022-09-04,57,134,135,0,1,327
2022-09-05,38,102,101,0,3,244
2022-09-06,48,80,109,1,3,241
2022-09-07,60,71,76,0,7,214
2022-09-08,51,78,98,4,5,236
2022-09-09,47,75,67,2,12,203
2022-09-10,42,37,82,0,5,166
2022-09-11,37,51,133,0,7,228
2022-09-12,41,76,82,0,6,205
2022-09-13,78,85,120,2,6,291
2022-09-14,201,143,151,6,10,511
2022-09-15,88,110,133,0,6,337
2022-09-16,53,78,127,2,9,269
2022-09-17,77,133,108,0,3,321
2022-09-18,68,119,181,0,2,370
2022-09-19,47,107,107,0,2,263
2022-09-20,55,94,86,4,4,243
2022-09-21,98,106,105,0,8,317
2022-09-22,84,90,104,1,1,280
2022-09-23,57,110,101,0,10,278
2022-09-24,61,107,100,0,4,272
2022-09-25,68,137,166,0,3,374
2022-09-26,62,106,106,0,2,276
2022-09-27,53,102,114,0,1,270
2022-09-28,70,116,81,0,5,272
2022-09-29,66,98,103,1,5,273
2022-09-30,69,64,134,0,13,280
2022-10-01,85,86,108,0,12,291
2022-10-02,48,92,170,0,5,315
2022-10-03,36,84,133,0,0,253
2022-10-04,58,78,113,1,4,254
2022-10-05,86,117,93,0,11,307
2022-10-06,85,92,93,0,7,277
2022-10-07,67,94,78,5,14,258
2022-10-08,64,82,95,0,9,250
2022-10-09,37,81,163,0,5,286
2022-10-10,52,66,85,1,6,210
2022-10-11,46,105,104,2,8,265
2022-10-12,60,107,92,2,7,268
2022-10-13,59,110,95,0,11,275
2022-10-14,74,88,95,0,24,281
2022-10-15,55,80,95,0,10,240
2022-10-16,48,73,169,0,8,298
2022-10-17,42,137,112,2,6,299
2022-10-18,67,116,92,0,8,283
2022-10-19,77,94,104,0,8,283
2022-10-20,64,93,91,5,9,262
2022-10-21,53,76,96,1,8,234
2022-10-22,51,77,108,0,18,254
2022-10-23,55,107,149,0,13,324
2022-10-24,57,113,116,0,7,293
2022-10-25,49,108,119,22,7,305
2022-10-26,53,90,115,2,7,267
2022-10-27,75,85,112,1,9,282
2022-10-28,35,127,86,1,20,269
2022-10-29,49,121,88,1,22,281
2022-10-30,47,93,142,1,10,293
2022-10-31,51,97,109,2,9,268
2022-11-01,41,125,98,0,9,273
2022-11-02,87,81,125,1,6,300
2022-11-03,81,110,124,0,6,321
2022-11-04,64,120,103,0,16,303
2022-11-05,55,152,131,0,15,353
2022-11-06,59,184,145,0,15,403
2022-11-07,54,172,116,0,16,358
2022-11-08,56,171,124,10,10,371
2022-11-09,56,191,110,8,10,375
2022-11-10,70,198,102,2,10,382
2022-11-11,86,200,92,0,14,392
2022-11-12,57,176,115,0,18,366
2022-11-13,46,166,141,2,8,363
2022-11-14,55,201,158,0,8,422
2022-11-15,54,196,117,17,6,390
2022-11-16,84,210,122,5,11,432
2022-11-17,72,203,125,1,8,409
2022-11-18,57,207,108,1,9,382
2022-11-19,63,265,114,0,12,454
2022-11-20,63,267,139,3,10,482
2022-11-21,57,323,143,3,7,533
2022-11-22,69,261,114,19,13,476
2022-11-23,102,315,153,3,10,583
2022-11-24,74,333,111,3,4,525
2022-11-25,46,390,113,0,17,566
2022-11-26,51,332,102,1,12,498
2022-11-27,41,433,211,0,10,695
2022-11-28,39,371,124,0,13,547
2022-11-29,71,283,172,1,6,533
2022-11-30,93,250,124,0,6,473
2022-12-01,81,241,99,1,6,428
2022-12-02,83,439,110,0,9,641
2022-12-03,90,347,95,0,12,544
2022-12-04,54,354,143,2,7,560
2022-12-05,109,498,136,7,2,752
2022-12-06,106,413,189,18,7,733
2022-12-07,96,505,126,3,5,735
2022-12-08,107,559,117,0,8,791
2022-12-09,87,487,122,0,8,704
2022-12-10,81,649,88,0,11,829
2022-12-11,95,483,120,1,11,710
2022-12-12,153,720,146,7,3,1029
2022-12-13,155,444,142,0,10,751
2022-12-14,155,647,133,0,6,941
2022-12-15,157,612,143,0,8,920
2022-12-16,189,519,163,0,16,887
2022-12-17,105,470,95,0,11,681
2022-12-18,114,482,126,0,5,727
2022-12-19,133,439,150,0,9,731
2022-12-20,141,500,164,1,11,817
2022-12-21,152,569,165,1,7,894
2022-12-22,129,579,133,0,11,852
2022-12-23,141,501,130,7,9,788
2022-12-24,119,638,136,0,10,903
2022-12-25,137,967,219,0,9,1332
2022-12-26,74,748,162,0,4,988
2022-12-27,73,459,142,0,8,682
2022-12-28,61,560,152,0,6,779
2022-12-29,44,488,138,0,6,676
2022-12-30,53,551,131,1,12,748
2022-12-31,43,459,155,1,10,668
2023-01-01,51,380,112,0,8,551
2023-01-02,62,507,340,6,12,927
2023-01-03,62,413,214,5,7,701
2023-01-04,76,409,144,0,9,638
2023-01-05,50,118,264,6,6,444
2023-01-06,56,116,181,11,17,381
2023-01-07,44,134,92,0,13,283
2023-01-08,44,104,121,0,6,275
2023-01-09,53,117,127,0,1,298
2023-01-10,70,116,128,2,5,321
2023-01-11,66,121,136,2,9,334
2023-01-12,44,168,144,5,11,372
2023-01-13,52,184,159,4,10,409
2023-01-14,55,103,108,0,11,277
2023-01-15,46,157,135,0,8,346
2023-01-16,56,148,155,4,11,374
2023-01-17,57,163,137,1,8,366
2023-01-18,80,211,124,0,10,425
2023-01-19,57,143,212,2,10,424
2023-01-20,51,130,127,0,12,320
2023-01-21,47,99,77,1,12,236
2023-01-22,25,77,90,1,5,198
2023-01-23,39,114,84,1,7,245
2023-01-24,47,113,141,0,8,309
2023-01-25,58,220,145,0,6,429
2023-01-26,77,208,138,1,10,434
2023-01-27,52,169,127,2,8,358
2023-01-28,64,194,116,0,9,383
2023-01-29,65,217,153,0,8,443
2023-01-30,51,233,130,0,4,418
2023-01-31,57,171,146,0,4,378
2023-02-01,87,176,155,3,9,430
2023-02-02,66,204,165,0,2,437
2023-02-03,60,152,140,0,9,361
2023-02-04,59,216,125,0,9,409
2023-02-05,59,213,123,0,8,403
2023-02-06,63,259,139,11,6,478
2023-02-07,66,208,155,5,5,439
2023-02-08,55,238,127,0,5,425
2023-02-09,36,253,122,4,3,418
2023-02-10,46,289,123,0,15,473
2023-02-11,57,279,110,2,12,460
2023-02-12,53,268,127,1,8,457
2023-02-13,43,263,144,6,7,463
2023-02-14,64,278,112,0,5,459
2023-02-15,50,242,143,1,4,440
2023-02-16,77,354,141,1,6,579
2023-02-17,65,325,129,3,16,538
2023-02-18,66,257,89,0,12,424
2023-02-19,42,319,129,0,11,501
2023-02-20,55,308,150,4,7,524
2023-02-21,64,351,122,0,7,544
2023-02-22,63,311,140,1,6,521
2023-02-23,59,340,108,1,8,516
2023-02-24,69,406,107,3,7,592
2023-02-25,60,284,74,0,7,425
2023-02-26,46,377,91,0,4,518
2023-02-27,49,329,117,6,1,502
2023-02-28,50,227,112,0,6,395
2023-03-01,80,329,109,0,8,526
2023-03-02,62,318,113,0,8,501
2023-03-03,62,291,93,0,9,455
2023-03-04,63,296,91,0,10,460
2023-03-05,83,296,128,0,6,513
2023-03-06,47,336,114,0,2,499
2023-03-07,46,241,111,1,7,406
2023-03-08,88,331,106,0,7,532
2023-03-09,69,209,119,0,6,403
2023-03-10,64,263,83,3,7,420
2023-03-11,45,223,90,0,8,366
2023-03-12,55,240,106,0,8,409
2023-03-13,48,238,124,0,0,410
2023-03-14,54,199,110,0,7,370
2023-03-15,53,261,95,6,3,418
2023-03-16,41,238,94,1,11,385
2023-03-17,46,203,76,1,11,337
2023-03-18,52,188,68,0,6,314
2023-03-19,38,187,92,1,8,326
2023-03-20,44,217,83,0,5,349
2023-03-21,54,107,83,4,6,254
2023-03-22,60,63,86,1,4,214
2023-03-23,39,66,95,0,3,203
2023-03-24,56,126,92,0,9,283
2023-03-25,43,214,85,0,5,347
2023-03-26,52,240,76,1,4,373
2023-03-27,29,200,103,0,2,334
2023-03-28,55,246,76,0,3,380
2023-03-29,48,286,100,2,3,439
2023-03-30,50,227,85,0,4,366
2023-03-31,46,238,108,0,6,398
2023-04-01,36,195,99,0,9,339
2023-04-02,32,205,158,0,5,400
2023-04-03,58,166,218,0,2,444
2023-04-04,50,182,134,2,1,369
2023-04-05,45,174,146,8,3,376
2023-04-06,38,162,129,0,3,332
2023-04-07,55,137,114,0,9,315
2023-04-08,53,115,97,0,9,274
2023-04-09,37,156,140,0,3,336
2023-04-10,44,122,140,6,1,313
2023-04-11,45,209,101,0,4,359
2023-04-12,76,134,95,1,4,310
2023-04-13,57,159,87,1,5,309
2023-04-14,86,142,105,1,9,343
2023-04-15,65,137,97,0,7,306
2023-04-16,64,141,105,0,4,314
2023-04-17,72,185,145,3,1,406
2023-04-18,73,167,124,0,3,367
2023-04-19,67,173,132,4,5,381
2023-04-20,306,188,115,4,2,615
2023-04-21,182,158,133,4,5,482
2023-04-22,104,147,97,0,10,358
2023-04-23,67,155,102,2,7,333
2023-04-24,83,156,150,15,2,406
2023-04-25,93,197,125,13,4,432
2023-04-26,93,244,143,25,4,509
2023-04-27,95,242,142,2,2,483
2023-04-28,72,207,129,2,12,422
2023-04-29,98,264,133,3,8,506
2023-04-30,80,262,176,0,6,524
2023-05-01,106,279,213,8,8,614
2023-05-02,128,222,213,12,3,578
2023-05-03,113,176,204,12,4,509
2023-05-04,114,204,195,22,14,549
2023-05-05,179,330,228,12,11,760
2023-05-06,110,273,191,3,6,583
2023-05-07,82,245,190,1,5,523
2023-05-08,70,162,230,4,4,470
2023-05-09,64,169,202,0,2,437
2023-05-10,72,155,203,2,5,437
2023-05-11,61,115,215,11,2,404
2023-05-12,53,174,172,3,10,412
2023-05-13,83,153,118,1,8,363
2023-05-14,55,179,207,5,7,453
2023-05-15,53,157,189,1,2,402
2023-05-16,50,135,183,3,3,374
2023-05-17,57,138,140,0,3,338
2023-05-18,51,140,144,0,2,337
2023-05-19,45,159,133,1,13,351
2023-05-20,52,136,110,0,10,308
2023-05-21,46,171,138,0,5,360
2023-05-22,50,140,175,0,5,370
2023-05-23,49,151,149,0,0,349
2023-05-24,62,153,147,0,4,366
2023-05-25,57,140,137,9,3,346
2023-05-26,43,144,147,0,8,342
2023-05-27,53,187,141,1,6,388
2023-05-28,64,143,146,0,5,358
2023-05-29,45,138,181,1,9,374
2023-05-30,58,192,150,0,0,400
2023-05-31,64,163,231,0,0,458
2023-06-01,61,118,176,3,1,359
2023-06-02,48,113,148,1,6,316
2023-06-03,41,116,135,0,7,299
2023-06-04,41,85,151,0,4,281
2023-06-05,42,112,159,1,0,314
2023-06-06,44,129,111,1,6,291
2023-06-07,46,124,175,3,5,353
2023-06-08,49,110,156,0,2,317
2023-06-09,54,91,118,0,6,269
2023-06-10,40,114,118,0,7,279
2023-06-11,32,108,161,0,9,310
2023-06-12,50,104,176,3,4,337
2023-06-13,36,107,125,0,4,272
2023-06-14,33,102,126,5,3,269
2023-06-15,44,98,128,0,4,274
2023-06-16,34,97,158,0,3,292
2023-06-17,32,84,113,0,9,238
2023-06-18,28,96,156,0,4,284
2023-06-19,47,98,140,0,3,288
2023-06-20,29,92,126,1,0,248
2023-06-21,44,97,137,0,7,285
2023-06-22,40,86,129,6,3,264
2023-06-23,29,93,131,0,6,259
2023-06-24,46,67,98,0,3,214
2023-06-25,29,73,113,0,2,217
2023-06-26,39,77,217,2,2,337
2023-06-27,39,82,168,0,1,290
2023-06-28,31,104,122,5,2,264
2023-06-29,40,89,125,1,3,258
2023-06-30,48,78,153,1,6,286
2023-07-01,36,49,144,0,4,233
2023-07-02,28,62,121,0,2,213
2023-07-03,48,73,158,0,3,282
2023-07-04,44,60,127,0,2,233
2023-07-05,38,67,130,0,7,242
2023-07-06,44,49,141,0,3,237
2023-07-07,43,51,111,0,4,209
2023-07-08,35,66,93,0,6,200
2023-07-09,35,66,96,0,6,203
2023-07-10,43,64,138,0,4,249
2023-07-11,46,69,149,5,1,270
2023-07-12,56,57,107,0,4,224
2023-07-13,48,54,127,1,2,232
2023-07-14,35,43,144,0,9,231
2023-07-15,31,43,115,0,4,193
2023-07-16,28,81,190,1,9,309
2023-07-17,33,64,137,0,4,238
2023-07-18,38,56,127,1,0,222
2023-07-19,40,55,113,0,1,209
2023-07-20,36,49,87,4,3,179
2023-07-21,42,50,90,5,6,193
2023-07-22,26,51,99,0,3,179
2023-07-23,31,39,95,0,6,171
2023-07-24,40,60,131,1,2,234
2023-07-25,42,46,128,0,2,218
2023-07-26,78,50,142,11,2,283
2023-07-27,62,37,95,2,6,202
2023-07-28,32,47,107,3,8,197
2023-07-29,37,40,107,0,7,191
2023-07-30,19,44,103,1,4,171
2023-07-31,33,50,169,0,4,256
2023-08-01,37,54,128,0,6,225
2023-08-02,39,46,118,3,1,207
2023-08-03,56,53,115,4,3,231
2023-08-04,41,50,130,0,8,229
2023-08-05,23,42,85,0,3,153
2023-08-06,24,39,106,0,4,173
2023-08-07,43,38,141,1,3,226
2023-08-08,46,35,117,0,3,201
2023-08-09,41,45,124,0,4,214
2023-08-10,35,41,113,0,3,192
2023-08-11,68,69,121,4,5,267
2023-08-12,39,70,117,1,6,233
2023-08-13,30,77,121,0,3,231
2023-08-14,20,50,157,1,2,230
2023-08-15,19,54,121,0,2,196
2023-08-16,53,68,137,0,3,261
2023-08-17,49,57,121,1,8,236
2023-08-18,52,51,136,2,9,250
2023-08-19,41,69,94,0,2,206
2023-08-20,42,79,112,0,3,236
2023-08-21,22,64,136,2,1,225
2023-08-22,43,44,139,0,5,231
2023-08-23,32,80,160,0,3,275
2023-08-24,33,61,101,0,6,201
2023-08-25,29,46,108,0,7,190
2023-08-26,29,51,90,0,4,174
2023-08-27,25,72,120,0,1,218
2023-08-28,23,68,128,0,2,221
2023-08-29,46,62,142,0,2,252
2023-08-30,35,47,116,9,2,209
2023-08-31,34,44,139,1,8,226
2023-09-01,40,63,129,0,9,241
2023-09-02,37,67,151,0,2,257
2023-09-03,32,73,132,0,4,241
2023-09-04,42,64,153,4,6,269
2023-09-05,33,77,135,0,4,249
2023-09-06,47,63,155,1,4,270
2023-09-07,49,60,137,0,16,262
2023-09-08,48,60,98,2,9,217
2023-09-09,42,66,80,1,8,197
2023-09-10,39,68,132,0,9,248
2023-09-11,57,65,138,1,6,267
2023-09-12,52,67,122,1,6,248
2023-09-13,52,75,153,4,9,293
2023-09-14,44,67,121,0,10,242
2023-09-15,50,55,128,0,10,243
2023-09-16,59,45,127,1,10,242
2023-09-17,54,79,134,0,11,278
2023-09-18,54,68,167,0,4,293
2023-09-19,51,60,136,0,10,257
2023-09-20,38,72,119,4,10,243
2023-09-21,39,67,119,0,9,234
2023-09-22,96,109,115,0,15,335
2023-09-23,43,74,119,2,8,246
2023-09-24,29,68,104,4,11,216
2023-09-25,50,82,141,7,9,289
2023-09-26,41,64,137,5,10,257
2023-09-27,98,78,155,5,4,340
2023-09-28,51,52,115,0,9,227
2023-09-29,22,62,91,0,9,184
2023-09-30,31,73,111,1,3,219
2023-10-01,40,72,131,0,8,251
2023-10-02,30,62,131,0,8,231
2023-10-03,31,62,136,1,4,234
2023-10-04,74,80,141,0,3,298
2023-10-05,44,55,152,12,3,266
2023-10-06,42,72,154,1,11,280
2023-10-07,46,59,97,0,20,222
2023-10-08,44,72,107,6,12,241
2023-10-09,52,97,144,1,4,298
2023-10-10,63,78,141,1,7,290
2023-10-11,67,56,117,2,8,250
2023-10-12,60,63,138,0,12,273
2023-10-13,36,64,119,0,7,226
2023-10-14,46,80,97,0,13,236
2023-10-15,46,80,126,0,4,256
2023-10-16,47,80,145,13,6,291
2023-10-17,47,74,150,9,6,286
2023-10-18,74,72,159,1,5,311
2023-10-19,56,77,130,2,4,269
2023-10-20,55,71,143,4,18,291
2023-10-21,48,65,119,2,13,247
2023-10-22,55,82,137,1,9,284
2023-10-23,49,84,196,1,2,332
2023-10-24,43,78,189,0,9,319
2023-10-25,59,93,205,1,8,366
2023-10-26,43,73,139,8,5,268
2023-10-27,98,86,173,0,13,370
2023-10-28,63,72,135,0,13,283
2023-10-29,50,77,167,0,14,308
2023-10-30,47,73,177,3,4,304
2023-10-31,36,78,192,0,9,315
2023-11-01,65,61,226,0,6,358
2023-11-02,67,57,169,1,13,307
2023-11-03,74,77,161,1,15,328
2023-11-04,52,62,146,0,10,270
2023-11-05,59,80,137,1,7,284
2023-11-06,70,71,203,4,6,354
2023-11-07,50,68,161,8,8,295
2023-11-08,56,81,153,1,4,295
2023-11-09,37,58,135,2,8,240
2023-11-10,55,80,139,6,12,292
2023-11-11,50,105,119,1,15,290
2023-11-12,50,114,132,0,8,304
2023-11-13,65,115,193,7,8,388
2023-11-14,59,105,164,4,10,342
2023-11-15,54,80,163,0,8,305
2023-11-16,91,81,166,2,6,346
2023-11-17,82,104,128,0,16,330
2023-11-18,53,103,134,0,17,307
2023-11-19,56,150,136,4,12,358
2023-11-20,77,116,251,3,5,452
2023-11-21,49,95,178,2,2,326
2023-11-22,42,71,170,0,7,290
2023-11-23,49,64,158,0,5,276
2023-11-24,48,68,151,0,11,278
2023-11-25,45,70,118,0,20,253
2023-11-26,35,80,144,0,9,268
2023-11-27,60,70,175,2,8,315
2023-11-28,63,83,154,2,5,307
2023-11-29,57,69,173,1,7,307
2023-11-30,65,68,178,0,6,317
2023-12-01,58,82,201,1,11,353
2023-12-02,51,56,152,0,10,269
2023-12-03,40,92,234,0,4,370
2023-12-04,63,79,203,4,7,356
2023-12-05,89,55,184,6,5,339
2023-12-06,88,53,164,1,9,315
2023-12-07,95,130,179,0,10,414
2023-12-08,90,122,151,16,12,391
2023-12-09,69,99,122,0,15,305
2023-12-10,66,107,180,0,7,360
2023-12-11,123,103,236,0,6,468
2023-12-12,113,97,239,12,5,466
2023-12-13,106,98,168,4,2,378
2023-12-14,85,126,191,12,6,420
2023-12-15,101,123,204,5,15,448
2023-12-16,97,92,156,2,12,359
2023-12-17,85,129,208,6,13,441
2023-12-18,122,119,330,2,5,578
2023-12-19,133,130,260,15,6,544
2023-12-20,114,128,237,3,15,497
2023-12-21,100,99,201,5,10,415
2023-12-22,92,111,227,5,13,448
2023-12-23,86,127,211,1,14,439
2023-12-24,85,176,240,1,7,509
2023-12-25,122,300,273,0,11,706
2023-12-26,71,179,237,0,3,490
2023-12-27,82,115,225,1,8,431
2023-12-28,102,115,196,3,7,423
2023-12-29,49,111,188,0,7,355
2023-12-30,40,100,194,0,12,346
2023-12-31,44,118,352,0,14,528
2024-01-01,37,108,210,0,13,368
2024-01-02,62,97,229,3,4,395
2024-01-03,86,84,225,0,7,402
2024-01-04,64,90,200,8,4,366
2024-01-05,70,77,187,0,10,344
2024-01-06,54,84,157,0,10,305
2024-01-07,44,89,173,0,7,313
2024-01-08,54,94,207,0,2,357
2024-01-09,56,69,175,1,6,307
2024-01-10,68,103,213,1,8,393
2024-01-11,45,71,179,0,4,299
2024-01-12,51,87,160,0,14,312
2024-01-13,44,57,145,1,9,256
2024-01-14,41,52,163,1,7,264
2024-01-15,56,83,189,1,5,334
2024-01-16,52,79,151,0,7,289
2024-01-17,41,69,171,0,6,287
2024-01-18,54,78,144,0,12,288
2024-01-19,53,75,151,1,9,289
2024-01-20,28,64,138,0,16,246
2024-01-21,30,65,140,0,4,239
2024-01-22,47,66,173,0,6,292
2024-01-23,29,60,166,0,7,262
2024-01-24,41,62,136,0,7,246
2024-01-25,43,76,150,0,12,281
2024-01-26,33,66,165,0,10,274
2024-01-27,31,73,102,0,9,215
2024-01-28,41,84,134,0,5,264
2024-01-29,37,72,200,0,5,314
2024-01-30,36,67,150,1,6,260
2024-01-31,42,74,213,0,5,334
2024-02-01,43,72,167,11,13,306
2024-02-02,43,75,195,11,14,338
2024-02-03,64,80,169,13,10,336
2024-02-04,29,109,167,0,7,312
2024-02-05,40,88,220,0,10,358
2024-02-06,46,78,174,14,6,318
2024-02-07,40,69,198,0,9,316
2024-02-08,33,82,127,0,10,252
2024-02-09,31,68,153,0,19,271
2024-02-10,24,66,120,2,5,217
2024-02-11,38,93,128,1,10,270
2024-02-12,55,93,175,0,6,329
2024-02-13,46,120,212,6,5,389
2024-02-14,49,102,162,0,6,319
2024-02-15,47,85,179,1,3,315
2024-02-16,46,93,168,2,6,315
2024-02-17,52,91,125,0,9,277
2024-02-18,45,119,171,0,6,341
2024-02-19,43,99,179,0,1,322
2024-02-20,55,98,151,0,5,309
2024-02-21,58,100,188,0,11,357
2024-02-22,51,115,172,3,7,348
2024-02-23,60,120,169,2,9,360
2024-02-24,45,101,165,0,10,321
2024-02-25,46,106,176,1,2,331
2024-02-26,44,120,174,1,2,341
2024-02-27,42,147,174,0,2,365
2024-02-28,47,107,169,4,3,330
2024-02-29,45,137,217,1,8,408
2024-03-01,37,120,258,0,10,425
2024-03-02,52,130,169,0,13,364
2024-03-03,45,145,208,0,4,402
2024-03-04,36,127,187,9,2,361
2024-03-05,43,117,192,1,7,360
2024-03-06,60,134,207,7,8,416
2024-03-07,51,118,157,0,10,336
2024-03-08,37,118,156,2,11,324
2024-03-09,43,129,123,1,5,301
2024-03-10,32,141,149,2,6,330
2024-03-11,35,127,182,0,4,348
2024-03-12,44,103,150,1,5,303
2024-03-13,35,89,156,2,5,287
2024-03-14,35,160,166,4,7,372
2024-03-15,37,152,152,0,17,358
2024-03-16,30,159,126,0,8,323
2024-03-17,33,114,155,0,6,308
2024-03-18,38,121,152,0,9,320
2024-03-19,31,151,165,0,8,355
2024-03-20,40,96,134,0,5,275
2024-03-21,36,104,144,0,2,286
2024-03-22,39,120,115,0,11,285
2024-03-23,36,142,117,0,11,306
2024-03-24,33,152,124,0,7,316
2024-03-25,35,144,153,0,4,336
2024-03-26,38,110,148,1,4,301
2024-03-27,23,116,123,0,3,265
2024-03-28,31,106,155,0,2,294
2024-03-29,38,108,109,0,13,268
2024-03-30,24,107,105,0,8,244
2024-03-31,30,107,188,0,4,329
2024-04-01,30,115,195,0,4,344
2024-04-02,36,110,142,0,3,291
2024-04-03,37,114,141,5,2,299
2024-04-04,27,106,127,0,6,266
2024-04-05,26,115,134,1,11,287
2024-04-06,44,139,112,0,9,304
2024-04-07,26,190,128,0,8,352
2024-04-08,41,135,136,0,4,316
2024-04-09,37,101,121,0,13,272
2024-04-10,27,115,120,0,7,269
2024-04-11,33,141,146,8,5,333
2024-04-12,42,108,156,0,11,317
2024-04-13,36,132,114,0,11,293
2024-04-14,28,150,161,0,3,342
2024-04-15,35,142,155,1,6,339
2024-04-16,50,119,126,2,7,304
2024-04-17,69,116,171,8,6,370
2024-04-18,53,116,129,1,6,305
2024-04-19,49,149,127,0,14,339
2024-04-20,33,141,105,0,10,289
2024-04-21,42,187,132,0,9,370
2024-04-22,41,144,183,0,8,376
2024-04-23,47,129,143,0,6,325
2024-04-24,73,162,145,4,12,396
2024-04-25,57,134,161,13,11,376
2024-04-26,50,123,175,7,7,362
2024-04-27,47,132,106,3,15,303
2024-04-28,39,182,95,6,7,329
2024-04-29,48,138,159,0,7,352
2024-04-30,49,124,192,3,12,380
2024-05-01,52,248,182,5,8,495
2024-05-02,70,160,204,14,7,455
2024-05-03,64,144,197,2,20,427
2024-05-04,58,245,185,11,18,517
2024-05-05,73,295,173,13,10,564
2024-05-06,52,253,195,4,21,525
2024-05-07,47,203,188,0,9,447
2024-05-08,20,135,161,0,13,329
2024-05-09,38,118,133,0,12,301
2024-05-10,29,136,124,2,13,304
2024-05-11,32,100,95,0,10,237
2024-05-12,31,167,141,0,7,346
2024-05-13,26,118,157,2,6,309
2024-05-14,52,112,141,3,10,318
2024-05-15,38,109,104,0,5,256
2024-05-16,34,101,137,1,12,285
2024-05-17,41,93,133,2,11,280
2024-05-18,30,161,130,0,14,335
2024-05-19,35,148,127,0,7,317
2024-05-20,42,162,139,0,7,350
2024-05-21,33,109,132,0,5,279
2024-05-22,16,107,134,0,9,266
2024-05-23,24,99,101,1,7,232
2024-05-24,24,88,128,0,15,255
2024-05-25,18,92,82,1,13,206
2024-05-26,23,80,100,0,6,209
2024-05-27,16,93,121,2,6,238
2024-05-28,20,96,164,0,8,288
2024-05-29,36,84,154,0,7,281
2024-05-30,42,99,141,0,3,285
2024-05-31,39,83,173,1,9,305
2024-06-01,32,98,140,0,8,278
2024-06-02,33,103,140,0,6,282
2024-06-03,44,104,175,0,6,329
2024-06-04,74,133,205,4,7,423
2024-06-05,66,118,152,0,7,343
2024-06-06,36,117,132,0,6,291
2024-06-07,49,95,146,0,9,299
2024-06-08,31,93,101,0,11,236
2024-06-09,36,105,148,0,9,298
2024-06-10,52,90,184,2,5,333
2024-06-11,31,94,150,0,7,282
2024-06-12,34,115,139,2,4,294
2024-06-13,34,86,211,0,6,337
2024-06-14,36,84,134,0,12,266
2024-06-15,27,118,122,2,6,275
2024-06-16,30,133,108,0,7,278
2024-06-17,17,107,155,0,3,282
2024-06-18,27,98,131,0,7,263
2024-06-19,37,81,143,3,2,266
2024-06-20,45,99,165,4,2,315
2024-06-21,37,116,124,0,5,282
2024-06-22,35,104,103,0,9,251
2024-06-23,30,174,111,1,9,325
2024-06-24,32,109,178,1,6,326
2024-06-25,42,103,171,2,4,322
2024-06-26,38,76,168,0,3,285
2024-06-27,38,99,169,2,9,317
2024-06-28,51,146,194,0,15,406
2024-06-29,35,118,182,1,12,348
2024-06-30,23,117,376,0,5,521
2024-07-01,37,171,269,6,7,490
2024-07-02,31,127,176,0,6,340
2024-07-03,65,114,192,2,10,383
2024-07-04,23,99,136,3,11,272
2024-07-05,37,122,182,11,13,365
2024-07-06,34,96,169,1,8,308
2024-07-07,28,120,322,0,9,479
2024-07-08,54,91,184,3,5,337
2024-07-09,35,93,169,0,11,308
2024-07-10,34,117,169,2,11,333
2024-07-11,37,132,167,4,10,350
2024-07-12,45,94,191,2,9,341
2024-07-13,31,81,155,0,10,277
2024-07-14,15,88,252,0,5,360
2024-07-15,21,96,166,3,5,291
2024-07-16,41,128,133,2,3,307
2024-07-17,43,81,125,0,6,255
2024-07-18,53,82,162,21,2,320
2024-07-19,44,80,143,0,7,274
2024-07-20,38,125,144,0,11,318
2024-07-21,35,196,328,0,3,562
2024-07-22,48,173,182,0,6,409
2024-07-23,63,131,183,3,6,386
2024-07-24,47,110,151,3,4,315
2024-07-25,51,105,186,7,3,352
2024-07-26,52,105,167,1,15,340
2024-07-27,53,160,163,33,31,440
2024-07-28,49,188,307,1,7,552
2024-07-29,52,135,290,2,15,494
2024-07-30,71,150,222,34,5,482
2024-07-31,75,143,246,12,14,490
2024-08-01,55,170,237,8,13,483
2024-08-02,107,118,199,5,20,449
2024-08-03,129,272,193,4,15,613
2024-08-04,92,345,423,1,8,869
2024-08-05,94,265,257,6,7,629
2024-08-06,190,203,282,10,4,689
2024-08-07,702,570,355,30,21,1678
2024-08-08,422,501,445,28,22,1418
2024-08-09,301,514,389,26,32,1262
2024-08-10,356,782,513,6,18,1675
2024-08-11,384,938,1056,15,27,2420
2024-08-12,308,632,673,44,28,1685
2024-08-13,193,494,455,31,25,1198
2024-08-14,333,493,440,37,9,1312
2024-08-15,374,719,472,9,26,1600
2024-08-16,363,688,572,42,26,1691
2024-08-17,281,746,624,4,22,1677
2024-08-18,261,839,1533,1,22,2656
2024-08-19,194,539,575,24,30,1362
2024-08-20,210,443,500,19,27,1199
2024-08-21,147,363,434,16,24,984
2024-08-22,214,486,485,32,28,1245
2024-08-23,188,450,427,16,29,1110
2024-08-24,199,761,366,5,31,1362
2024-08-25,169,656,525,6,21,1377
2024-08-26,144,404,554,23,39,1164
2024-08-27,141,336,427,23,18,945
2024-08-28,120,316,416,4,16,872
2024-08-29,165,278,437,22,22,924
2024-08-30,125,289,459,3,23,899
2024-08-31,106,489,757,7,35,1394
2024-09-01,135,515,832,4,26,1512
2024-09-02,130,308,846,16,12,1312
2024-09-03,206,257,605,22,28,1118
2024-09-04,161,284,559,6,28,1038
2024-09-05,129,253,559,4,26,971
2024-09-06,108,248,565,4,28,953
2024-09-07,147,334,621,11,31,1144
2024-09-08,117,303,1340,3,25,1788
2024-09-09,191,280,925,34,28,1458
2024-09-10,165,273,684,12,59,1193
2024-09-11,146,219,618,20,47,1050
2024-09-12,164,201,536,17,43,961
2024-09-13,145,233,621,5,31,1035
2024-09-14,133,263,661,17,69,1143
2024-09-15,172,329,1523,11,37,2072
2024-09-16,246,316,665,46,45,1318
2024-09-17,220,276,544,10,47,1097
2024-09-18,190,392,693,23,60,1358
2024-09-19,156,304,832,28,37,1357
2024-09-20,182,320,731,5,63,1301
2024-09-21,148,302,688,11,77,1226
2024-09-22,154,330,1680,6,53,2223
2024-09-23,146,288,796,24,44,1298
2024-09-24,140,240,622,14,62,1078
2024-09-25,129,232,597,4,60,1022
2024-09-26,128,261,542,13,60,1004
2024-09-27,129,318,600,5,47,1099
2024-09-28,144,217,709,1,74,1145
2024-09-29,114,318,1686,10,63,2191
2024-09-30,115,265,1151,13,60,1604
2024-10-01,136,272,988,6,54,1456
2024-10-02,117,234,724,3,53,1131
2024-10-03,105,239,548,2,66,960
2024-10-04,93,229,631,2,61,1016
2024-10-05,98,241,514,7,55,915
2024-10-06,90,268,1114,1,62,1535
2024-10-07,75,218,640,3,38,974
2024-10-08,100,141,480,1,50,772
2024-10-09,91,119,379,0,52,641
2024-10-10,108,237,516,16,40,917
2024-10-11,106,139,455,1,62,763
2024-10-12,105,105,438,2,82,732
2024-10-13,83,143,904,0,66,1196
2024-10-14,89,121,569,9,37,825
2024-10-15,94,106,463,1,44,708
2024-10-16,139,137,455,1,52,784
2024-10-17,73,113,393,2,49,630
2024-10-18,84,134,375,7,51,651
2024-10-19,89,132,407,3,69,700
2024-10-20,62,129,709,2,65,967
2024-10-21,70,125,471,10,39,715
2024-10-22,82,114,468,8,33,705
2024-10-23,58,131,371,9,56,625
2024-10-24,171,167,483,17,54,892
2024-10-25,299,145,423,3,52,922
2024-10-26,243,149,433,2,55,882
2024-10-27,221,180,820,0,63,1284
2024-10-28,244,139,433,1,55,872
2024-10-29,219,148,423,2,38,830
2024-10-30,247,134,410,2,43,836
2024-10-31,217,137,650,7,60,1071
2024-11-01,232,107,558,8,52,957
2024-11-02,274,196,448,17,65,1000
2024-11-03,284,205,482,6,49,1026
2024-11-04,296,162,517,13,52,1040
2024-11-05,219,156,421,1,43,840
2024-11-06,284,147,377,29,39,876
2024-11-07,278,118,363,18,31,808
2024-11-08,309,112,378,2,48,849
2024-11-09,281,148,302,1,62,794
2024-11-10,323,199,381,21,68,992
2024-11-11,264,171,497,4,38,974
2024-11-12,281,142,426,18,42,909
2024-11-13,242,133,401,6,47,829
2024-11-14,217,136,372,8,36,769
2024-11-15,235,161,366,12,50,824
2024-11-16,246,144,314,4,66,774
2024-11-17,252,153,359,2,64,830
2024-11-18,272,139,384,5,60,860
2024-11-19,231,108,347,3,41,730
2024-11-20,219,110,340,4,42,715
2024-11-21,386,116,317,8,39,866
2024-11-22,233,128,310,4,57,732
2024-11-23,205,144,239,1,66,655
2024-11-24,290,143,338,0,59,830
2024-11-25,241,132,355,1,48,777
2024-11-26,252,128,312,3,40,735
2024-11-27,245,110,293,10,48,706
2024-11-28,268,118,321,3,43,753
2024-11-29,295,113,295,3,51,757
2024-11-30,259,144,400,3,53,859
2024-12-01,301,147,475,0,47,970
2024-12-02,324,124,439,6,26,919
2024-12-03,332,162,331,4,21,850
2024-12-04,275,126,289,7,40,737
2024-12-05,346,126,298,0,30,800
2024-12-06,335,149,279,12,50,825
2024-12-07,307,114,251,2,51,725
2024-12-08,326,198,327,4,34,889
2024-12-09,375,180,350,13,33,951
2024-12-10,409,132,307,4,25,877
2024-12-11,378,159,305,26,25,893
2024-12-12,462,127,275,16,37,917
2024-12-13,346,158,299,7,26,836
2024-12-14,296,161,252,2,50,761
2024-12-15,330,182,357,17,43,929
2024-12-16,444,186,374,2,30,1036
2024-12-17,411,233,338,3,29,1014
2024-12-18,440,263,313,6,19,1041
2024-12-19,607,285,444,16,38,1390
2024-12-20,418,271,386,12,34,1121
2024-12-21,362,227,344,4,59,996
2024-12-22,346,239,356,4,40,985
2024-12-23,521,287,470,24,23,1325
2024-12-24,487,326,441,24,20,1298
2024-12-25,376,581,360,5,50,1372
2024-12-26,334,355,415,11,35,1150
2024-12-27,295,243,372,5,28,943
2024-12-28,223,208,299,15,42,787
2024-12-29,180,170,323,7,23,703
2024-12-30,283,224,366,5,26,904
2024-12-31,202,255,663,3,27,1150
2025-01-01,241,164,429,1,27,862
2025-01-02,259,212,389,16,25,901
2025-01-03,211,224,367,8,29,839
2025-01-04,219,193,285,1,32,730
2025-01-05,236,195,364,1,24,820
2025-01-06,286,259,304,3,21,873
2025-01-07,320,217,332,12,29,910
2025-01-08,289,233,300,3,31,856
2025-01-09,212,207,295,12,23,749
2025-01-10,237,210,288,3,34,772
2025-01-11,233,194,236,2,29,694
2025-01-12,242,176,308,6,32,764
2025-01-13,241,184,351,3,20,799
2025-01-14,389,214,335,6,28,972
2025-01-15,293,225,375,8,29,930
2025-01-16,286,170,317,19,25,817
2025-01-17,263,174,282,2,34,755
2025-01-18,261,173,298,1,35,768
2025-01-19,224,130,315,3,33,705
2025-01-20,303,170,396,24,26,919
2025-01-21,321,181,363,1,38,904
2025-01-22,298,174,331,3,34,840
2025-01-23,250,174,357,8,25,814
2025-01-24,213,180,297,15,26,731
2025-01-25,172,135,290,6,28,631
2025-01-26,216,118,270,6,43,653
2025-01-27,172,149,279,5,35,640
2025-01-28,171,88,277,6,40,582
2025-01-29,259,97,270,5,45,676
2025-01-30,192,118,312,1,33,656
2025-01-31,226,147,509,4,50,936
2025-02-01,238,145,427,2,56,868
2025-02-02,221,149,410,3,36,819
2025-02-03,221,184,375,2,29,811
2025-02-04,196,165,369,3,27,760
2025-02-05,211,165,402,9,30,817
2025-02-06,205,147,400,11,46,809
2025-02-07,239,149,345,8,40,781
2025-02-08,232,129,283,3,30,677
2025-02-09,378,167,337,21,45,948
2025-02-10,298,198,401,14,43,954
2025-02-11,315,172,390,20,30,927
2025-02-12,332,166,395,8,39,940
2025-02-13,264,176,324,19,45,828
2025-02-14,243,140,363,2,37,785
2025-02-15,214,150,239,2,49,654
2025-02-16,263,165,313,3,31,775
2025-02-17,320,178,411,10,42,961
2025-02-18,432,168,391,34,56,1081
2025-02-19,319,162,409,11,40,941
2025-02-20,372,154,333,10,43,912
2025-02-21,428,167,326,2,53,976
2025-02-22,355,164,893,1,41,1454
2025-02-23,286,155,339,3,45,828
2025-02-24,398,203,382,10,38,1031
2025-02-25,300,181,386,5,38,910
2025-02-26,299,143,339,3,37,821
2025-02-27,280,151,349,17,57,854
2025-02-28,263,141,502,2,40,948
2025-03-01,235,157,347,3,44,786
2025-03-02,253,131,419,0,41,844
2025-03-03,308,146,397,0,41,892
2025-03-04,182,153,368,3,27,733
2025-03-05,231,114,357,3,34,739
2025-03-06,219,118,345,4,33,719
2025-03-07,179,148,346,5,39,717
2025-03-08,139,134,307,1,52,633
2025-03-09,192,108,333,3,54,690
2025-03-10,198,112,427,9,41,787
2025-03-11,184,123,321,4,38,670
2025-03-12,172,117,332,4,31,656
2025-03-13,196,103,297,15,35,646
2025-03-14,214,106,251,0,56,627
2025-03-15,211,113,228,0,57,609
2025-03-16,194,121,290,2,58,665
2025-03-17,253,121,305,13,43,735
2025-03-18,183,98,288,12,51,632
2025-03-19,327,126,251,10,40,754
2025-03-20,261,124,266,3,49,703
2025-03-21,226,134,259,6,47,672
2025-03-22,166,116,204,6,63,555
2025-03-23,174,114,200,1,38,527
2025-03-24,248,108,274,1,38,669
2025-03-25,299,112,251,6,30,698
2025-03-26,248,120,232,2,24,626
2025-03-27,225,92,232,2,40,591
2025-03-28,342,83,262,9,53,749
2025-03-29,219,125,231,10,73,658
2025-03-30,301,160,312,3,56,832
2025-03-31,244,172,423,4,40,883
2025-04-01,222,120,305,1,41,689
2025-04-02,239,102,265,5,26,637
2025-04-03,201,111,283,0,35,630
2025-04-04,202,112,214,1,54,583
2025-04-05,172,100,213,0,63,548
2025-04-06,236,123,297,2,56,714
2025-04-07,215,122,284,0,30,651
2025-04-08,286,108,312,32,36,774
2025-04-09,228,130,274,11,37,680
2025-04-10,175,106,258,9,45,593
2025-04-11,198,114,246,0,54,612
2025-04-12,181,129,208,5,62,585
2025-04-13,232,121,237,3,53,646
2025-04-14,235,110,278,7,36,666
2025-04-15,234,106,281,2,45,668
2025-04-16,180,106,292,31,47,656
2025-04-17,239,109,239,14,55,656
2025-04-18,303,107,247,8,51,716
2025-04-19,207,121,200,5,57,590
2025-04-20,186,116,203,8,47,560
2025-04-21,288,139,312,22,46,807
2025-04-22,256,138,283,0,39,716
2025-04-23,801,156,315,10,47,1329
2025-04-24,676,180,336,54,44,1290
2025-04-25,420,158,334,44,54,1010
2025-04-26,287,145,270,1,61,764
2025-04-27,325,143,287,26,57,838
2025-04-28,388,175,419,20,32,1034
2025-04-29,380,148,422,11,44,1005
2025-04-30,539,145,509,25,43,1261
2025-05-01,591,268,558,32,52,1501
2025-05-02,1831,309,620,35,77,2872
2025-05-03,787,345,533,12,85,1762
2025-05-04,720,443,502,18,53,1736
2025-05-05,673,535,662,55,76,2001
2025-05-06,434,436,499,32,50,1451
2025-05-07,373,247,500,23,37,1180
2025-05-08,326,191,385,4,43,949
2025-05-09,382,190,351,7,51,981
2025-05-10,237,249,322,3,55,866
2025-05-11,185,327,326,3,52,893
2025-05-12,290,227,395,6,32,950
2025-05-13,291,182,369,9,32,883
2025-05-14,324,191,365,8,26,914
2025-05-15,327,177,405,9,34,952
2025-05-16,354,154,413,10,36,967
2025-05-17,271,175,252,7,43,748
2025-05-18,209,218,283,2,26,738
2025-05-19,274,177,420,17,24,912
2025-05-20,206,165,353,2,22,748
2025-05-21,208,166,304,13,21,712
2025-05-22,211,163,291,10,25,700
2025-05-23,214,175,265,3,24,681
2025-05-24,169,201,251,1,44,666
2025-05-25,191,217,359,3,43,813
2025-05-26,189,227,339,7,31,793
2025-05-27,261,168,300,5,39,773
2025-05-28,203,134,307,23,21,688
2025-05-29,274,152,296,14,18,754
2025-05-30,214,157,389,11,36,807
2025-05-31,152,158,386,5,35,736
2025-06-01,147,186,441,4,30,808
2025-06-02,146,207,363,14,22,752
2025-06-03,139,145,266,2,28,580
2025-06-04,246,162,292,6,20,726
2025-06-05,194,167,285,4,25,675
2025-06-06,159,128,312,3,34,636
2025-06-07,188,204,290,4,28,714
2025-06-08,164,192,297,4,27,684
2025-06-09,198,183,373,33,20,807
2025-06-10,181,133,296,1,24,635
2025-06-11,177,155,281,1,30,644
2025-06-12,258,131,298,9,31,727
2025-06-13,210,127,276,0,40,653
2025-06-14,207,137,211,1,48,604
2025-06-15,197,161,254,0,25,637
2025-06-16,223,132,307,0,25,687
2025-06-17,166,137,268,21,28,620
2025-06-18,226,134,266,1,19,646
2025-06-19,190,121,266,6,27,610
2025-06-20,257,110,281,1,31,680
2025-06-21,153,116,187,0,19,475
2025-06-22,167,146,234,1,31,579
2025-06-23,203,128,324,2,28,685
2025-06-24,417,106,251,15,22,811
2025-06-25,211,116,291,14,15,647
2025-06-26,192,98,248,19,37,594
2025-06-27,174,106,204,14,36,534
2025-06-28,148,125,204,5,26,508
2025-06-29,156,139,236,2,19,552
2025-06-30,169,150,387,5,18,729
2025-07-01,211,144,415,21,33,824
2025-07-02,184,149,322,8,28,691
2025-07-03,165,158,291,9,9,632
2025-07-04,201,155,258,17,28,659
2025-07-05,168,143,226,9,25,571
2025-07-06,125,131,261,6,21,544
2025-07-07,153,140,344,10,19,666
2025-07-08,205,124,405,4,10,748
2025-07-09,154,123,287,10,24,598
2025-07-10,146,138,238,2,14,538
2025-07-11,166,130,262,4,36,598
2025-07-12,151,91,186,18,19,465
2025-07-13,160,130,268,9,35,602
2025-07-14,149,148,307,6,20,630
2025-07-15,157,117,251,13,18,556
2025-07-16,173,144,247,13,10,587
2025-07-17,134,131,229,15,16,525
2025-07-18,157,139,199,1,46,542
2025-07-19,102,112,182,2,25,423
2025-07-20,127,131,210,16,41,525
2025-07-21,144,127,258,11,25,565
2025-07-22,121,107,221,6,25,480
2025-07-23,144,113,219,5,19,500
2025-07-24,185,125,253,12,25,600
2025-07-25,152,100,195,8,39,494
2025-07-26,135,112,192,3,36,478
2025-07-27,95,110,205,13,29,452
2025-07-28,173,135,274,26,24,632
2025-07-29,216,132,335,3,25,711
2025-07-30,123,137,232,5,28,525
2025-07-31,128,128,272,7,32,567
2025-08-01,146,133,303,2,39,623
2025-08-02,116,186,216,3,23,544
2025-08-03,120,118,247,14,17,516
2025-08-04,139,138,276,8,26,587
2025-08-05,148,122,222,8,20,520
2025-08-06,269,152,236,17,30,704
2025-08-07,152,107,213,7,25,504
2025-08-08,206,140,271,3,29,649
2025-08-09,113,148,205,4,35,505
2025-08-10,151,167,223,3,17,561
2025-08-11,127,173,275,0,20,595
2025-08-12,170,85,269,2,37,563
2025-08-13,126,121,207,7,18,479
2025-08-14,139,120,225,13,17,514
2025-08-15,110,132,159,1,22,424
2025-08-16,112,97,184,1,18,412
2025-08-17,111,121,174,2,18,426
2025-08-18,163,117,250,17,24,571
2025-08-19,160,99,232,12,9,512
2025-08-20,184,120,213,18,20,555
2025-08-21,140,120,195,9,13,477
2025-08-22,173,106,203,3,25,510
2025-08-23,118,90,179,0,23,410
2025-08-24,117,125,175,12,19,448
2025-08-25,142,136,219,6,14,517
2025-08-26,149,117,211,4,22,503
2025-08-27,128,127,185,14,12,466
2025-08-28,156,126,203,30,15,530
2025-08-29,106,93,217,17,19,452
2025-08-30,107,107,181,1,29,425
2025-08-31,136,124,310,1,23,594
2025-09-01,123,128,326,1,12,590
2025-09-02,134,115,254,5,26,534
2025-09-03,122,108,241,2,19,492
2025-09-04,177,101,260,12,16,566
2025-09-05,133,112,218,10,31,504
2025-09-06,89,74,222,1,27,413
2025-09-07,101,102,288,3,26,520
2025-09-08,121,102,240,9,13,485
2025-09-09,127,102,275,1,25,530
2025-09-10,116,118,222,2,12,470
2025-09-11,140,116,193,17,22,488
2025-09-12,98,107,222,15,29,471
2025-09-13,88,113,203,2,27,433
2025-09-14,111,114,294,0,13,532
2025-09-15,141,136,250,19,13,559
2025-09-16,144,117,244,9,18,532
2025-09-17,120,108,247,8,12,495
2025-09-18,145,105,253,0,22,525
2025-09-19,150,110,242,1,28,531
2025-09-20,106,114,221,0,38,479
2025-09-21,103,98,259,0,25,485
2025-09-22,133,119,233,2,13,500
2025-09-23,140,94,226,4,12,476
2025-09-24,133,130,202,10,16,491
2025-09-25,202,105,219,15,22,563
2025-09-26,198,143,237,9,23,610
2025-09-27,148,148,170,0,27,493
2025-09-28,179,126,288,1,26,620
2025-09-29,162,141,272,3,23,601
2025-09-30,141,97,332,2,24,596
2025-10-01,154,120,321,4,31,630
2025-10-02,116,135,271,11,34,567
2025-10-03,140,133,218,0,49,540
2025-10-04,127,150,242,1,39,559
2025-10-05,112,121,302,5,25,565
2025-10-06,109,92,199,0,29,429
2025-10-07,99,110,186,2,17,414
2025-10-08,118,116,206,0,30,470
2025-10-09,104,137,251,6,22,520
2025-10-10,175,136,285,3,30,629
2025-10-11,124,118,259,1,34,536
2025-10-12,128,169,354,12,30,693
2025-10-13,141,133,280,3,14,571
2025-10-14,123,109,214,4,17,467
2025-10-15,136,92,241,24,25,518
2025-10-16,127,127,230,5,46,535
2025-10-17,107,168,299,3,38,615
2025-10-18,110,115,180,1,42,448
2025-10-19,106,119,241,2,36,504
2025-10-20,131,114,197,8,22,472
2025-10-21,88,144,221,4,29,486
2025-10-22,99,156,220,6,21,502
2025-10-23,114,107,255,3,16,495
2025-10-24,182,139,351,32,41,745
2025-10-25,122,122,214,2,27,487
2025-10-26,118,133,284,2,26,563
2025-10-27,132,131,212,18,17,510
2025-10-28,129,146,244,1,34,554
2025-10-29,107,182,286,4,30,609
2025-10-30,177,256,246,3,37,719
2025-10-31,135,169,306,4,32,646
2025-11-01,128,126,236,0,28,518
2025-11-02,93,128,285,1,24,531
2025-11-03,158,142,254,7,27,588
2025-11-04,100,96,225,16,19,456
2025-11-05,152,125,300,3,19,599
2025-11-06,164,112,381,4,22,683
2025-11-07,151,115,260,5,33,564
2025-11-08,118,157,201,0,38,514
2025-11-09,146,206,238,5,29,624
2025-11-10,125,136,260,4,19,544
2025-11-11,159,154,254,3,24,594
2025-11-12,103,134,207,0,25,469
2025-11-13,125,109,203,2,28,467
2025-11-14,138,168,187,5,32,530
2025-11-15,91,99,186,0,40,416
2025-11-16,103,139,221,1,23,487
2025-11-17,109,134,226,3,22,494
2025-11-18,152,131,219,9,19,530
2025-11-19,93,100,216,11,25,445
2025-11-20,104,108,200,10,19,441
2025-11-21,120,110,206,0,31,467
2025-11-22,109,108,154,0,27,398
2025-11-23,100,117,228,4,16,465
2025-11-24,132,173,207,8,20,540
2025-11-25,119,118,239,7,29,512
2025-11-26,123,136,225,16,16,516
2025-11-27,121,160,245,3,25,554
2025-11-28,139,136,201,3,20,499
2025-11-29,126,144,189,0,29,488
2025-11-30,122,174,340,2,27,665
2025-12-01,183,188,295,8,23,697
2025-12-02,113,140,304,6,15,578
2025-12-03,150,131,219,1,15,516
2025-12-04,143,144,234,2,24,547
2025-12-05,120,128,227,4,19,498
2025-12-06,130,139,211,4,28,512
2025-12-07,117,182,322,1,22,644
2025-12-08,149,161,275,0,26,611
2025-12-09,117,148,322,41,17,645
2025-12-10,153,156,268,4,10,591
2025-12-11,191,175,291,13,14,684
2025-12-12,217,197,312,17,21,764
2025-12-13,155,135,257,1,21,569
2025-12-14,146,173,343,6,20,688
2025-12-15,189,175,377,44,21,806
2025-12-16,157,175,375,7,20,734
2025-12-17,172,149,301,10,13,645
2025-12-18,177,181,265,1,31,655
2025-12-19,174,191,314,2,31,712
2025-12-20,155,125,225,0,20,525
2025-12-21,136,173,336,3,19,667
2025-12-22,182,155,311,7,21,676
2025-12-23,159,154,323,1,21,658
2025-12-24,155,194,309,3,33,694
2025-12-25,152,362,281,1,21,817
2025-12-26,140,224,330,17,22,733
2025-12-27,122,158,241,0,16,537
2025-12-28,98,172,254,3,18,545
2025-12-29,114,145,293,1,20,573
2025-12-30,96,143,288,7,16,550
2025-12-31,146,164,437,12,17,776
2026-01-01,83,107,314,2,25,531
2026-01-02,110,126,261,0,19,516
2026-01-03,92,120,251,0,23,486
2026-01-04,109,137,267,2,18,533
2026-01-05,102,119,270,5,14,510
2026-01-06,94,95,252,8,16,465
2026-01-07,126,129,325,11,15,606
2026-01-08,150,137,332,3,13,635
2026-01-09,103,122,259,8,31,523
2026-01-10,67,142,200,0,15,424
2026-01-11,94,125,197,0,15,431
2026-01-12,140,140,210,6,8,504
2026-01-13,109,139,246,2,12,508
2026-01-14,101,132,213,0,15,461
2026-01-15,128,109,226,2,19,484
2026-01-16,142,113,204,3,24,486
2026-01-17,111,96,195,0,26,428
2026-01-18,98,111,183,0,12,404
2026-01-19,159,139,248,8,9,563
2026-01-20,135,147,213,22,11,528
2026-01-21,107,125,242,3,19,496
2026-01-22,128,127,221,1,14,491
2026-01-23,108,128,196,9,19,460
2026-01-24,93,130,170,3,15,411
2026-01-25,110,134,186,3,14,447
2026-01-26,211,92,222,7,8,540
2026-01-27,163,111,223,22,15,534
2026-01-28,105,126,213,0,15,459
2026-01-29,122,134,173,0,13,442
2026-01-30,106,115,225,13,29,488
2026-01-31,83,156,256,4,13,512
2026-02-01,94,133,272,4,12,515
2026-02-02,99,119,261,7,6,492
2026-02-03,105,115,227,3,10,460
2026-02-04,113,120,224,0,9,466
2026-02-05,140,93,195,0,10,438
2026-02-06,126,111,179,1,19,436
2026-02-07,118,108,176,1,14,417
2026-02-08,108,104,191,6,12,421
2026-02-09,128,112,207,6,9,462
2026-02-10,107,107,193,3,6,416
2026-02-11,114,139,245,18,9,525
2026-02-12,129,113,221,6,11,480
2026-02-13,126,127,207,2,19,481
2026-02-14,91,133,192,3,18,437
2026-02-15,93,117,209,2,20,441
2026-02-16,78,84,179,2,20,363
2026-02-17,87,84,158,1,13,343
2026-02-18,122,98,185,1,14,420
2026-02-19,101,144,227,0,15,487
2026-02-20,88,145,238,8,12,491
2026-02-21,101,110,160,1,18,390
2026-02-22,84,109,216,3,17,429
2026-02-23,94,112,208,2,8,424
2026-02-24,137,122,199,2,7,467
2026-02-25,87,134,241,4,18,484
2026-02-26,94,115,214,4,11,438
2026-02-27,104,133,195,1,15,448
2026-02-28,94,105,221,1,23,444
2026-03-01,112,106,271,8,14,511
2026-03-02,113,142,281,2,12,550
2026-03-03,84,111,205,2,13,415
2026-03-04,79,120,235,0,16,450
2026-03-05,85,103,221,12,12,433
2026-03-06,147,117,265,12,22,563
2026-03-07,131,131,200,0,20,482
2026-03-08,110,131,223,4,11,479
2026-03-09,137,101,203,2,10,453
2026-03-10,104,87,217,1,9,418
2026-03-11,110,77,196,3,15,401
2026-03-12,144,75,173,2,15,409
2026-03-13,110,92,170,2,22,396
2026-03-14,72,100,169,1,19,361
2026-03-15,120,102,186,1,16,425
2026-03-16,92,81,231,10,13,427
2026-03-17,94,67,174,4,13,352
2026-03-18,55,84,161,0,14,314
2026-03-19,111,91,191,1,12,406
2026-03-20,109,69,192,9,22,401
2026-03-21,106,102,129,0,18,355
2026-03-22,85,89,141,0,12,327
2026-03-23,110,82,220,2,9,423
2026-03-24,94,92,184,0,24,394
2026-03-25,87,85,162,0,26,360
2026-03-26,106,79,163,8,14,370
2026-03-27,97,80,175,1,27,380
2026-03-28,95,70,134,2,18,319
2026-03-29,96,108,191,10,13,418
2026-03-30,116,96,194,1,19,426
2026-03-31,109,77,273,3,29,491
2026-04-01,95,75,250,10,18,448
2026-04-02,93,93,218,10,18,432
2026-04-03,106,71,180,14,20,391
2026-04-04,75,71,164,1,17,328
2026-04-05,82,125,169,1,9,386
2026-04-06,143,132,241,37,13,566
2026-04-07,140,94,223,8,14,479
2026-04-08,121,95,198,3,16,433
2026-04-09,165,72,199,4,23,463
2026-04-10,149,82,192,1,25,449
2026-04-11,107,76,169,1,20,373
2026-04-12,106,108,206,2,11,433
2026-04-13,163,125,219,0,15,522
2026-04-14,142,86,244,8,12,492
2026-04-15,126,91,225,13,9,464
2026-04-16,132,99,216,6,13,466
2026-04-17,144,95,210,7,15,471
2026-04-18,111,261,174,1,13,560
2026-04-19,107,139,220,23,6,495
2026-04-20,149,115,252,5,10,531
2026-04-21,249,147,292,20,18,726
2026-04-22,165,140,297,11,13,626
2026-04-23,171,126,305,5,24,631
2026-04-24,284,144,333,20,26,807
2026-04-25,169,171,255,2,22,619
2026-04-26,153,266,300,6,13,738
2026-04-27,344,181,315,28,11,879
2026-04-28,510,190,410,38,13,1161
2026-04-29,431,143,386,21,15,996
2026-04-30,455,184,498,21,9,1167
2026-05-01,476,297,430,19,20,1242
2026-05-02,415,183,369,12,14,993
2026-05-03,279,135,308,4,16,742
2026-05-04,260,119,299,4,25,707
2026-05-05,476,298,430,19,20,1243
2026-05-06,415,184,369,12,14,994
2026-05-07,279,135,308,4,16,742
2026-05-08,260,119,299,4,25,707
2026-05-09,227,109,278,0,12,626
2026-05-10,221,144,254,3,10,632
2026-05-11,187,127,308,6,10,638
2026-05-12,190,96,275,4,7,572
2026-05-13,203,92,295,15,9,614
2026-05-14,163,83,290,2,13,551
2026-05-15,190,125,256,2,16,589
2026-05-16,122,102,197,2,11,434
2026-05-17,141,124,282,0,22,569
2026-05-18,152,117,253,5,10,537
2026-05-19,149,62,244,3,10,468
2026-05-20,139,80,225,0,10,454
2026-05-21,161,116,228,6,14,525
2026-05-22,163,127,230,0,15,535
2026-05-23,131,61,183,1,16,392
2026-05-24,150,92,179,1,9,431
2026-05-25,202,64,221,0,17,504
2026-05-26,123,106,243,3,11,486
2026-05-27,128,104,234,0,6,472
2026-05-28,107,98,208,0,13,426
2026-05-29,118,100,233,0,14,465
2026-05-30,112,93,191,0,14,410
2026-05-31,114,104,316,2,14,550
2026-06-01,124,74,370,2,8,578
2026-06-02,124,95,258,7,11,495
2026-06-03,85,76,218,2,9,390
2026-06-04,103,74,272,6,9,464
2026-06-05,91,77,191,0,11,370
2026-06-06,119,71,226,2,12,430
2026-06-07,96,81,250,3,15,445
2026-06-08,99,93,282,2,10,486
2026-06-09,95,77,254,5,3,434
2026-06-10,108,87,287,0,4,486
2026-06-11,72,93,261,2,9,437
2026-06-12,101,84,325,7,17,534
2026-06-13,73,83,150,1,12,319
2026-06-14,85,85,202,2,9,383
2026-06-15,121,100,237,3,13,474
2026-06-16,95,87,225,6,10,423
2026-06-17,110,81,275,6,10,482
2026-06-18,92,82,239,3,16,432
2026-06-19,82,74,220,1,8,385
2026-06-20,84,43,198,0,13,338
2026-06-21,58,92,187,1,11,349
2026-06-22,87,102,237,3,7,436
2026-06-23,85,98,249,0,14,446
2026-06-24,74,117,210,2,14,417
2026-06-25,76,84,218,0,6,384
2026-06-26,80,104,194,1,6,385
2026-06-27,53,78,189,0,14,334
2026-06-28,65,94,216,1,8,384
2026-06-29,82,85,229,0,4,400
2026-06-30,83,86,282,1,16,468
2026-07-01,92,83,256,0,9,440
2026-07-02,82,97,212,3,10,404
2026-07-03,86,91,217,3,8,405
2026-07-04,102,65,179,0,15,361
2026-07-05,79,59,198,2,8,346
2026-07-06,86,80,222,3,7,398
2026-07-07,99,74,313,24,12,522
2026-07-08,154,86,340,3,7,590
2026-07-09,131,93,187,1,17,429
2026-07-10,106,93,196,3,19,417
2026-07-11,93,53,209,0,13,368
2026-07-12,80,78,171,1,10,340
2026-07-13,140,83,339,5,10,577
2026-07-14,128,98,202,2,3,433
2026-07-15,108,91,233,13,12,457
2026-07-16,177,82,222,12,28,521
2026-07-17,112,80,211,7,23,433
2026-07-18,132,86,240,3,14,475
2026-07-19,120,82,225,0,8,435
2026-07-20,170,128,247,2,25,572
2026-07-21,145,121,323,28,20,637
2026-07-22,83,120,319,6,24,552
2026-07-23,166,155,275,15,16,627
2026-07-24,182,158,274,5,23,642
2026-07-25,125,112,245,1,26,509
2026-07-26,201,101,275,6,17,600
2026-07-27,167,117,281,13,16,594
2026-07-28,191,181,335,2,15,724
2026-07-29,246,182,369,6,21,824
2026-07-30,173,162,403,8,23,769
2026-07-31,186,141,386,5,31,749
2026-08-01,193,148,368,3,37,749
2026-08-02,441,188,416,5,22,1072
2026-08-03,417,178,466,15,18,1094
2026-08-04,329,156,408,18,15,926
2026-08-05,605,344,555,31,44,1579
2026-08-06,686,217,495,25,15,1438
2026-08-07,653,209,458,24,35,1379
2026-08-08,633,246,366,8,37,1290
2026-08-09,719,139,315,16,8,1197
