date,day,adm,cum,screens,shows,rank,seat_rate,total_screens,total_shows,screen_share,show_share,seats,seat_sale,seat_share
2011-07-28,0,46338,106964,275,965,5,0.3001,3330,12253,0.0826,0.0788,145392,0.319,0.067
2011-07-29,1,54459,161423,286,999,5,0.3407,3324,12607,0.086,0.0792,151066,0.361,0.067
2011-07-30,2,93714,255137,328,1090,5,0.5374,3572,13085,0.0918,0.0833,171890,0.545,0.074
2011-07-31,3,82639,337776,345,1106,5,0.467,3535,12790,0.0976,0.0865,174789,0.473,0.077
2011-08-01,4,78362,416138,303,1060,4,0.462,3429,12506,0.0884,0.0848,170609,0.459,0.077
2011-08-02,5,83317,499455,308,1081,4,0.4817,3434,12519,0.0897,0.0863,176785,0.471,0.079
2011-08-03,6,71720,571175,310,1140,4,0.3932,3554,12635,0.0872,0.0902,195416,0.367,0.087
2011-08-04,7,62690,633865,326,1147,5,0.3416,4203,13807,0.0776,0.0831,193502,0.324,0.077
2011-08-05,8,59993,693858,301,1018,4,0.3683,3514,13379,0.0857,0.0761,164830,0.364,0.069
2011-08-06,9,97350,791208,292,990,4,0.6146,3765,13845,0.0776,0.0715,160875,0.605,0.065
2011-08-07,10,98562,889770,299,1009,4,0.6105,3731,13479,0.0801,0.0749,162873,0.605,0.068
2011-08-08,11,34242,924012,288,995,4,0.2151,3389,13075,0.085,0.0761,164723,0.208,0.07
2011-08-09,12,45298,969310,285,995,4,0.2845,3419,13020,0.0834,0.0764,165877,0.273,0.071
2011-08-10,13,41156,1010466,256,868,5,0.2963,3173,13002,0.0807,0.0668,132812,0.31,0.057
2011-08-11,14,38062,1048528,264,780,6,0.305,3376,13083,0.0782,0.0596,119058,0.32,0.051
2011-08-12,15,40895,1089423,268,797,6,0.3207,3398,13301,0.0789,0.0599,121814,0.336,0.051
2011-08-13,16,103389,1192812,316,925,5,0.6986,3848,13834,0.0821,0.0669,143677,0.72,0.058
2011-08-14,17,99071,1291883,342,988,4,0.6267,3980,13781,0.0859,0.0717,156026,0.635,0.064
2011-08-15,18,126959,1418842,363,1047,4,0.7579,3983,13432,0.0911,0.0779,168709,0.753,0.07
2011-08-16,19,32857,1451699,285,878,5,0.2339,3415,12778,0.0835,0.0687,137451,0.239,0.06
2011-08-17,20,28831,1480530,257,770,5,0.234,3520,12675,0.073,0.0607,125119,0.23,0.055
2011-08-18,21,29818,1510348,262,780,5,0.2389,3567,12817,0.0735,0.0609,127225,0.234,0.055
2011-08-19,22,30007,1540355,262,795,5,0.2359,3594,13225,0.0729,0.0601,130626,0.23,0.055
2011-08-20,23,88178,1628533,311,951,5,0.5795,3885,13870,0.0801,0.0686,156957,0.562,0.064
2011-08-21,24,81400,1709933,314,955,4,0.5327,3823,13383,0.0821,0.0714,157520,0.517,0.066
2011-08-22,25,20217,1730150,264,796,4,0.1587,3553,12458,0.0743,0.0639,128672,0.157,0.057
2011-08-23,26,24055,1754205,267,806,4,0.1865,3571,12471,0.0748,0.0646,131653,0.183,0.059
2011-08-24,27,20618,1774823,265,795,4,0.1621,3551,12336,0.0746,0.0644,129555,0.159,0.058
2011-08-25,28,16198,1791021,241,593,4,0.1707,3377,12274,0.0714,0.0483,95336,0.17,0.043
2011-08-26,29,16455,1807476,252,615,4,0.1672,3415,12756,0.0738,0.0482,98510,0.167,0.043
2011-08-27,30,64924,1872400,292,811,4,0.5003,3853,13621,0.0758,0.0595,134587,0.482,0.056
2011-08-28,31,56987,1929387,297,817,4,0.4359,3870,13128,0.0767,0.0622,135258,0.421,0.058
2011-08-29,32,7092,1936479,232,571,5,0.0776,3331,11780,0.0696,0.0485,92360,0.077,0.043
2011-08-30,33,7418,1943897,236,572,5,0.0811,3398,11806,0.0695,0.0484,93437,0.079,0.044
2011-08-31,34,7112,1951009,216,471,6,0.0944,3257,11523,0.0663,0.0409,70234,0.101,0.034
2011-09-01,35,4595,1955604,201,407,7,0.0706,3098,11508,0.0649,0.0354,58483,0.079,0.028
2011-09-02,36,3266,1958870,203,413,7,0.0494,3107,12178,0.0653,0.0339,61116,0.053,0.028
2011-09-03,37,24996,1983866,245,629,7,0.2484,3879,13104,0.0632,0.048,96329,0.26,0.041
2011-09-04,38,37550,2021416,248,639,7,0.3673,3769,12621,0.0658,0.0506,96719,0.388,0.043
2011-09-05,39,2681,2024097,202,382,7,0.0439,3065,11242,0.0659,0.034,55715,0.048,0.027
2011-09-07,41,2159,2029430,109,178,12,0.0758,2952,11785,0.0369,0.0151,,,
2011-09-08,42,1204,2030634,95,148,15,0.0508,3065,11923,0.031,0.0124,,,
2011-09-09,43,3064,2033698,104,178,13,0.1076,3159,12913,0.0329,0.0138,,,
2011-09-10,44,21515,2055213,167,347,11,0.3875,3521,14101,0.0474,0.0246,,,
2011-09-11,45,15491,2070704,168,339,11,0.2856,3595,13959,0.0467,0.0243,,,
2011-09-12,46,20577,2091281,176,350,10,0.3674,3632,13970,0.0485,0.0251,54672,0.376,0.022
2011-09-13,47,32766,2124047,177,347,10,0.5902,3682,13693,0.0481,0.0253,54823,0.598,0.022
2011-09-14,48,13901,2137948,134,243,11,0.3575,3325,12914,0.0403,0.0188,,,
2011-09-15,49,906,2138854,62,97,17,0.0584,3193,12215,0.0194,0.0079,,,
2011-09-16,50,1063,2139917,66,106,15,0.0627,3172,12675,0.0208,0.0084,,,
2011-09-17,51,9450,2149367,130,227,15,0.2602,3834,13710,0.0339,0.0166,,,
2011-09-18,52,14545,2163912,126,236,13,0.3852,3675,13251,0.0343,0.0178,,,
2011-09-19,53,524,2164436,57,85,15,0.0385,3055,11714,0.0187,0.0073,,,
2011-09-20,54,576,2165012,60,91,17,0.0396,3089,11631,0.0194,0.0078,,,
2011-09-21,55,934,2165946,64,97,15,0.0602,3074,11383,0.0208,0.0085,,,
2011-09-22,56,814,2166760,25,31,17,0.1641,2963,11451,0.0084,0.0027,,,
2011-09-23,57,683,2167443,24,34,19,0.1256,3019,12041,0.0079,0.0028,,,
2011-09-24,58,5604,2173047,80,125,13,0.2802,3769,13121,0.0212,0.0095,,,
2011-09-25,59,5227,2178274,79,125,13,0.2614,3720,12557,0.0212,0.01,,,
2011-09-26,60,109,2178383,18,20,27,0.0341,2945,11049,0.0061,0.0018,,,
2011-09-27,61,265,2178648,20,24,25,0.069,2998,10988,0.0067,0.0022,,,
2011-09-28,62,528,2179176,27,31,22,0.1065,2971,11073,0.0091,0.0028,,,
2011-09-29,63,248,2179424,11,15,22,0.1033,2980,11647,0.0037,0.0013,,,
2011-09-30,64,135,2179559,10,13,24,0.0649,3049,12081,0.0033,0.0011,,,
2011-10-01,65,1522,2181081,42,61,13,0.1559,3389,12817,0.0124,0.0048,,,
2011-10-02,66,3080,2184161,46,70,12,0.275,3317,12864,0.0139,0.0054,,,
2011-10-03,67,4643,2188804,41,65,12,0.4464,3253,12348,0.0126,0.0053,,,
2011-10-04,68,287,2189091,11,15,18,0.1196,2961,10989,0.0037,0.0014,,,
2011-10-05,69,283,2189374,11,15,18,0.1179,2929,10937,0.0038,0.0014,,,
2011-10-06,70,136,2189510,4,6,23,0.1417,2797,10985,0.0014,0.0005,,,
2011-10-07,71,131,2189641,6,8,21,0.1023,2845,11417,0.0021,0.0007,,,
2011-10-08,72,2162,2191803,42,55,13,0.2457,3397,12250,0.0124,0.0045,,,
2011-10-09,73,1996,2193799,39,52,14,0.2399,3418,11789,0.0114,0.0044,,,
2011-10-10,74,40,2193839,4,4,28,0.0625,2717,10601,0.0015,0.0004,,,
2011-10-11,75,274,2194113,7,10,20,0.1713,2747,10557,0.0025,0.0009,,,
2011-10-12,76,206,2194319,6,9,22,0.1431,2724,10826,0.0022,0.0008,,,
2011-10-13,77,36,2194355,4,6,29,0.0375,2644,10783,0.0015,0.0006,,,
2011-10-14,78,27,2194382,4,5,37,0.0338,2796,11656,0.0014,0.0004,,,
2011-10-15,79,484,2194866,14,17,18,0.1779,3378,12416,0.0041,0.0014,,,
2011-10-16,80,789,2195655,17,19,15,0.2595,3189,11910,0.0053,0.0016,,,
2011-10-17,81,102,2195757,4,5,24,0.1275,2664,10591,0.0015,0.0005,,,
2011-10-18,82,138,2195895,4,7,23,0.1232,2702,10599,0.0015,0.0007,,,
2011-10-19,83,103,2195998,5,8,24,0.0805,2704,10698,0.0018,0.0007,,,
2011-10-20,84,23,2196021,2,4,37,0.0359,2783,11502,0.0007,0.0003,,,
2011-10-21,85,395,2196416,3,5,18,0.4938,2881,12111,0.001,0.0004,,,
2011-10-22,86,672,2197088,8,14,14,0.3,3005,13011,0.0027,0.0011,,,
2011-10-23,87,450,2197538,9,13,15,0.2163,2969,12475,0.003,0.001,,,
2011-10-24,88,1,2197539,1,1,61,0.0063,2772,11421,0.0004,0.0001,,,
2011-10-25,89,152,2197691,2,3,26,0.3167,2847,11220,0.0007,0.0003,,,
2011-10-26,90,174,2197865,2,3,23,0.3625,2739,11285,0.0007,0.0003,,,
2011-10-27,91,228,2198093,4,5,21,0.285,2845,11406,0.0014,0.0004,,,
2011-10-28,92,113,2198206,2,2,24,0.3531,2892,11929,0.0007,0.0002,,,
2011-10-29,93,198,2198404,7,8,31,0.1547,3285,12712,0.0021,0.0006,,,
2011-10-30,94,244,2198648,8,11,24,0.1386,3079,12262,0.0026,0.0009,,,
2011-10-31,95,4,2198652,1,2,59,0.0125,2840,11129,0.0004,0.0002,,,
2011-11-01,96,158,2198810,4,6,26,0.1646,2893,11223,0.0014,0.0005,,,
2011-11-02,97,40,2198850,2,5,34,0.05,2966,11175,0.0007,0.0004,,,
2011-11-03,98,24,2198874,2,3,38,0.05,2947,11035,0.0007,0.0003,,,
2011-11-04,99,7,2198881,1,3,55,0.0146,2998,11487,0.0003,0.0003,,,
2011-11-05,100,179,2199060,4,8,28,0.1398,3511,12740,0.0011,0.0006,,,
2011-11-06,101,215,2199275,5,9,26,0.1493,3326,12270,0.0015,0.0007,,,
2011-11-07,102,4,2199279,1,2,57,0.0125,2990,10697,0.0003,0.0002,,,
2011-11-08,103,19,2199298,1,2,42,0.0594,3002,10630,0.0003,0.0002,,,
2011-11-09,104,72,2199370,2,4,32,0.1125,3384,11146,0.0006,0.0004,,,
2011-11-10,105,142,2199512,3,5,27,0.1775,2900,12118,0.001,0.0004,,,
2011-11-11,106,116,2199628,1,2,29,0.3625,2900,12379,0.0003,0.0002,,,
2011-11-12,107,218,2199846,3,6,23,0.2271,3077,13075,0.001,0.0005,,,
2011-11-13,108,136,2199982,3,6,27,0.1417,3029,12620,0.001,0.0005,,,
2011-11-14,109,5,2199987,1,1,41,0.0312,2848,11455,0.0004,0.0001,,,
2011-11-15,110,47,2200034,2,2,32,0.1469,2873,11329,0.0007,0.0002,,,
2011-11-16,111,171,2200205,3,5,26,0.2137,2850,11435,0.0011,0.0004,,,
2011-11-17,112,71,2200276,3,4,38,0.1109,2979,11510,0.001,0.0003,,,
2011-11-18,113,204,2200480,3,4,27,0.3187,2982,12166,0.001,0.0003,,,
2011-11-19,114,267,2200747,5,8,34,0.2086,3472,12951,0.0014,0.0006,,,
2011-11-20,115,141,2200888,4,7,29,0.1259,3084,12447,0.0013,0.0006,,,
2011-11-22,117,9,2200897,2,3,53,0.0187,3000,11227,0.0007,0.0003,,,
2011-11-23,118,14,2200911,2,3,53,0.0292,2970,11240,0.0007,0.0003,,,
2011-11-24,119,97,2201008,3,3,36,0.2021,2976,11417,0.001,0.0003,,,
2011-11-26,121,122,2201130,1,4,41,0.1906,3658,13182,0.0003,0.0003,,,
2011-11-27,122,55,2201185,1,4,43,0.0859,3672,12631,0.0003,0.0003,,,
2011-11-29,124,10,2201195,1,1,49,0.0625,3180,11356,0.0003,0.0001,,,
2011-11-30,125,1,2201196,1,1,70,0.0063,3090,11626,0.0003,0.0001,,,
2011-12-01,126,48,2201244,2,2,47,0.15,2993,11627,0.0007,0.0002,,,
2011-12-02,127,2,2201246,1,1,66,0.0125,2975,12108,0.0003,0.0001,,,
2011-12-03,128,4,2201250,1,1,80,0.025,3304,13003,0.0003,0.0001,,,
2011-12-07,132,12,2201262,1,1,50,0.075,2916,11368,0.0003,0.0001,,,
2011-12-08,133,16,2201278,1,1,42,0.1,2869,11496,0.0003,0.0001,,,
2011-12-11,136,22,2201300,1,1,58,0.1375,3073,12777,0.0003,0.0001,,,
