date,day,rank,title,chain,shows,chain_shows,show_share,screens,chain_screens,screen_share
2026-08-05,0,1,스파이더맨: 브랜드 뉴 데이,CGV,2430,5933,0.41,665,2165,0.307
2026-08-05,0,1,스파이더맨: 브랜드 뉴 데이,롯데시네마,1426,4040,0.353,442,1652,0.268
2026-08-05,0,1,스파이더맨: 브랜드 뉴 데이,메가박스,1416,3641,0.389,393,1321,0.298
2026-08-05,0,1,스파이더맨: 브랜드 뉴 데이,씨네Q,92,210,0.438,27,82,0.329
2026-08-05,0,1,스파이더맨: 브랜드 뉴 데이,기타,293,1036,0.283,139,724,0.192
2026-08-05,0,1,스파이더맨: 브랜드 뉴 데이,전체,5657,14860,0.381,1666,5944,0.28
2026-08-05,0,2,오디세이,CGV,2014,5933,0.339,635,2165,0.293
2026-08-05,0,2,오디세이,롯데시네마,1457,4040,0.361,497,1652,0.301
2026-08-05,0,2,오디세이,메가박스,1262,3641,0.347,386,1321,0.292
2026-08-05,0,2,오디세이,씨네Q,73,210,0.348,23,82,0.28
2026-08-05,0,2,오디세이,기타,229,1036,0.221,140,724,0.193
2026-08-05,0,2,오디세이,전체,5035,14860,0.339,1681,5944,0.283
2026-08-05,0,3,사랑의 하츄핑: 고래보석의 전설,CGV,656,5933,0.111,293,2165,0.135
2026-08-05,0,3,사랑의 하츄핑: 고래보석의 전설,롯데시네마,584,4040,0.145,246,1652,0.149
2026-08-05,0,3,사랑의 하츄핑: 고래보석의 전설,메가박스,377,3641,0.104,178,1321,0.135
2026-08-05,0,3,사랑의 하츄핑: 고래보석의 전설,씨네Q,21,210,0.1,13,82,0.159
2026-08-05,0,3,사랑의 하츄핑: 고래보석의 전설,기타,113,1036,0.109,94,724,0.13
2026-08-05,0,3,사랑의 하츄핑: 고래보석의 전설,전체,1751,14860,0.118,824,5944,0.139
2026-08-05,0,4,호프,CGV,440,5933,0.074,254,2165,0.117
2026-08-05,0,4,호프,롯데시네마,242,4040,0.06,168,1652,0.102
2026-08-05,0,4,호프,메가박스,370,3641,0.102,184,1321,0.139
2026-08-05,0,4,호프,씨네Q,13,210,0.062,8,82,0.098
2026-08-05,0,4,호프,기타,99,1036,0.096,76,724,0.105
2026-08-05,0,4,호프,전체,1164,14860,0.078,690,5944,0.116
2026-08-05,0,5,미니언즈 & 몬스터즈,CGV,127,5933,0.021,111,2165,0.051
2026-08-05,0,5,미니언즈 & 몬스터즈,롯데시네마,110,4040,0.027,99,1652,0.06
2026-08-05,0,5,미니언즈 & 몬스터즈,메가박스,72,3641,0.02,63,1321,0.048
2026-08-05,0,5,미니언즈 & 몬스터즈,씨네Q,4,210,0.019,4,82,0.049
2026-08-05,0,5,미니언즈 & 몬스터즈,기타,27,1036,0.026,25,724,0.035
2026-08-05,0,5,미니언즈 & 몬스터즈,전체,340,14860,0.023,302,5944,0.051
2026-08-06,1,1,스파이더맨: 브랜드 뉴 데이,CGV,2428,5904,0.411,674,2172,0.31
2026-08-06,1,1,스파이더맨: 브랜드 뉴 데이,롯데시네마,1457,4018,0.363,471,1686,0.279
2026-08-06,1,1,스파이더맨: 브랜드 뉴 데이,메가박스,1413,3567,0.396,388,1301,0.298
2026-08-06,1,1,스파이더맨: 브랜드 뉴 데이,씨네Q,91,210,0.433,27,79,0.342
2026-08-06,1,1,스파이더맨: 브랜드 뉴 데이,기타,286,978,0.292,134,688,0.195
2026-08-06,1,1,스파이더맨: 브랜드 뉴 데이,전체,5675,14677,0.387,1694,5926,0.286
2026-08-06,1,2,오디세이,CGV,2011,5904,0.341,645,2172,0.297
2026-08-06,1,2,오디세이,롯데시네마,1383,4018,0.344,475,1686,0.282
2026-08-06,1,2,오디세이,메가박스,1229,3567,0.345,384,1301,0.295
2026-08-06,1,2,오디세이,씨네Q,71,210,0.338,21,79,0.266
2026-08-06,1,2,오디세이,기타,217,978,0.222,134,688,0.195
2026-08-06,1,2,오디세이,전체,4911,14677,0.335,1659,5926,0.28
2026-08-06,1,3,사랑의 하츄핑: 고래보석의 전설,CGV,648,5904,0.11,288,2172,0.133
2026-08-06,1,3,사랑의 하츄핑: 고래보석의 전설,롯데시네마,568,4018,0.141,240,1686,0.142
2026-08-06,1,3,사랑의 하츄핑: 고래보석의 전설,메가박스,355,3567,0.1,170,1301,0.131
2026-08-06,1,3,사랑의 하츄핑: 고래보석의 전설,씨네Q,21,210,0.1,12,79,0.152
2026-08-06,1,3,사랑의 하츄핑: 고래보석의 전설,기타,106,978,0.108,91,688,0.132
2026-08-06,1,3,사랑의 하츄핑: 고래보석의 전설,전체,1698,14677,0.116,801,5926,0.135
2026-08-06,1,4,호프,CGV,435,5904,0.074,252,2172,0.116
2026-08-06,1,4,호프,롯데시네마,254,4018,0.063,174,1686,0.103
2026-08-06,1,4,호프,메가박스,366,3567,0.103,178,1301,0.137
2026-08-06,1,4,호프,씨네Q,14,210,0.067,7,79,0.089
2026-08-06,1,4,호프,기타,93,978,0.095,76,688,0.11
2026-08-06,1,4,호프,전체,1162,14677,0.079,687,5926,0.116
2026-08-06,1,5,미니언즈 & 몬스터즈,CGV,102,5904,0.017,92,2172,0.042
2026-08-06,1,5,미니언즈 & 몬스터즈,롯데시네마,103,4018,0.026,93,1686,0.055
2026-08-06,1,5,미니언즈 & 몬스터즈,메가박스,70,3567,0.02,64,1301,0.049
2026-08-06,1,5,미니언즈 & 몬스터즈,씨네Q,8,210,0.038,7,79,0.089
2026-08-06,1,5,미니언즈 & 몬스터즈,기타,30,978,0.031,28,688,0.041
2026-08-06,1,5,미니언즈 & 몬스터즈,전체,313,14677,0.021,284,5926,0.048
2026-08-07,2,1,스파이더맨: 브랜드 뉴 데이,CGV,2578,6075,0.424,693,2146,0.323
2026-08-07,2,1,스파이더맨: 브랜드 뉴 데이,롯데시네마,1651,4232,0.39,490,1634,0.3
2026-08-07,2,1,스파이더맨: 브랜드 뉴 데이,메가박스,1476,3630,0.407,401,1292,0.31
2026-08-07,2,1,스파이더맨: 브랜드 뉴 데이,씨네Q,92,219,0.42,26,85,0.306
2026-08-07,2,1,스파이더맨: 브랜드 뉴 데이,기타,287,994,0.289,141,689,0.205
2026-08-07,2,1,스파이더맨: 브랜드 뉴 데이,전체,6084,15150,0.402,1751,5846,0.3
2026-08-07,2,2,오디세이,CGV,2075,6075,0.342,653,2146,0.304
2026-08-07,2,2,오디세이,롯데시네마,1382,4232,0.327,434,1634,0.266
2026-08-07,2,2,오디세이,메가박스,1243,3630,0.342,379,1292,0.293
2026-08-07,2,2,오디세이,씨네Q,80,219,0.365,25,85,0.294
2026-08-07,2,2,오디세이,기타,231,994,0.232,141,689,0.205
2026-08-07,2,2,오디세이,전체,5011,15150,0.331,1632,5846,0.279
2026-08-07,2,3,사랑의 하츄핑: 고래보석의 전설,CGV,700,6075,0.115,298,2146,0.139
2026-08-07,2,3,사랑의 하츄핑: 고래보석의 전설,롯데시네마,600,4232,0.142,242,1634,0.148
2026-08-07,2,3,사랑의 하츄핑: 고래보석의 전설,메가박스,365,3630,0.101,180,1292,0.139
2026-08-07,2,3,사랑의 하츄핑: 고래보석의 전설,씨네Q,22,219,0.1,13,85,0.153
2026-08-07,2,3,사랑의 하츄핑: 고래보석의 전설,기타,111,994,0.112,89,689,0.129
2026-08-07,2,3,사랑의 하츄핑: 고래보석의 전설,전체,1798,15150,0.119,822,5846,0.141
2026-08-07,2,4,호프,CGV,392,6075,0.065,233,2146,0.109
2026-08-07,2,4,호프,롯데시네마,267,4232,0.063,167,1634,0.102
2026-08-07,2,4,호프,메가박스,360,3630,0.099,168,1292,0.13
2026-08-07,2,4,호프,씨네Q,13,219,0.059,9,85,0.106
2026-08-07,2,4,호프,기타,102,994,0.103,80,689,0.116
2026-08-07,2,4,호프,전체,1134,15150,0.075,657,5846,0.112
2026-08-07,2,5,미니언즈 & 몬스터즈,CGV,90,6075,0.015,84,2146,0.039
2026-08-07,2,5,미니언즈 & 몬스터즈,롯데시네마,99,4232,0.023,90,1634,0.055
2026-08-07,2,5,미니언즈 & 몬스터즈,메가박스,52,3630,0.014,48,1292,0.037
2026-08-07,2,5,미니언즈 & 몬스터즈,씨네Q,6,219,0.027,6,85,0.071
2026-08-07,2,5,미니언즈 & 몬스터즈,기타,34,994,0.034,32,689,0.046
2026-08-07,2,5,미니언즈 & 몬스터즈,전체,281,15150,0.019,260,5846,0.044
2026-08-08,3,1,스파이더맨: 브랜드 뉴 데이,CGV,2680,6285,0.426,710,2188,0.324
2026-08-08,3,1,스파이더맨: 브랜드 뉴 데이,롯데시네마,1788,4390,0.407,492,1635,0.301
2026-08-08,3,1,스파이더맨: 브랜드 뉴 데이,메가박스,1580,3822,0.413,432,1371,0.315
2026-08-08,3,1,스파이더맨: 브랜드 뉴 데이,씨네Q,88,229,0.384,26,92,0.283
2026-08-08,3,1,스파이더맨: 브랜드 뉴 데이,기타,304,1070,0.284,142,728,0.195
2026-08-08,3,1,스파이더맨: 브랜드 뉴 데이,전체,6440,15796,0.408,1802,6014,0.3
2026-08-08,3,2,오디세이,CGV,2147,6285,0.342,690,2188,0.315
2026-08-08,3,2,오디세이,롯데시네마,1405,4390,0.32,470,1635,0.287
2026-08-08,3,2,오디세이,메가박스,1294,3822,0.339,407,1371,0.297
2026-08-08,3,2,오디세이,씨네Q,89,229,0.389,30,92,0.326
2026-08-08,3,2,오디세이,기타,250,1070,0.234,147,728,0.202
2026-08-08,3,2,오디세이,전체,5185,15796,0.328,1744,6014,0.29
2026-08-08,3,3,사랑의 하츄핑: 고래보석의 전설,CGV,839,6285,0.133,334,2188,0.153
2026-08-08,3,3,사랑의 하츄핑: 고래보석의 전설,롯데시네마,750,4390,0.171,297,1635,0.182
2026-08-08,3,3,사랑의 하츄핑: 고래보석의 전설,메가박스,463,3822,0.121,206,1371,0.15
2026-08-08,3,3,사랑의 하츄핑: 고래보석의 전설,씨네Q,31,229,0.135,16,92,0.174
2026-08-08,3,3,사랑의 하츄핑: 고래보석의 전설,기타,133,1070,0.124,105,728,0.144
2026-08-08,3,3,사랑의 하츄핑: 고래보석의 전설,전체,2216,15796,0.14,958,6014,0.159
2026-08-08,3,4,호프,CGV,305,6285,0.049,199,2188,0.091
2026-08-08,3,4,호프,롯데시네마,157,4390,0.036,107,1635,0.065
2026-08-08,3,4,호프,메가박스,291,3822,0.076,157,1371,0.115
2026-08-08,3,4,호프,씨네Q,8,229,0.035,7,92,0.076
2026-08-08,3,4,호프,기타,106,1070,0.099,82,728,0.113
2026-08-08,3,4,호프,전체,867,15796,0.055,552,6014,0.092
2026-08-08,3,5,미니언즈 & 몬스터즈,CGV,75,6285,0.012,71,2188,0.032
2026-08-08,3,5,미니언즈 & 몬스터즈,롯데시네마,75,4390,0.017,73,1635,0.045
2026-08-08,3,5,미니언즈 & 몬스터즈,메가박스,56,3822,0.015,53,1371,0.039
2026-08-08,3,5,미니언즈 & 몬스터즈,씨네Q,2,229,0.009,2,92,0.022
2026-08-08,3,5,미니언즈 & 몬스터즈,기타,32,1070,0.03,28,728,0.038
2026-08-08,3,5,미니언즈 & 몬스터즈,전체,240,15796,0.015,227,6014,0.038
2026-08-09,4,1,스파이더맨: 브랜드 뉴 데이,CGV,2555,6095,0.419,700,2182,0.321
2026-08-09,4,1,스파이더맨: 브랜드 뉴 데이,롯데시네마,1624,4145,0.392,482,1661,0.29
2026-08-09,4,1,스파이더맨: 브랜드 뉴 데이,메가박스,1494,3731,0.4,413,1342,0.308
2026-08-09,4,1,스파이더맨: 브랜드 뉴 데이,씨네Q,84,227,0.37,25,94,0.266
2026-08-09,4,1,스파이더맨: 브랜드 뉴 데이,기타,295,1066,0.277,143,740,0.193
2026-08-09,4,1,스파이더맨: 브랜드 뉴 데이,전체,6052,15264,0.396,1763,6019,0.293
2026-08-09,4,2,오디세이,CGV,2099,6095,0.344,692,2182,0.317
2026-08-09,4,2,오디세이,롯데시네마,1380,4145,0.333,511,1661,0.308
2026-08-09,4,2,오디세이,메가박스,1305,3731,0.35,415,1342,0.309
2026-08-09,4,2,오디세이,씨네Q,87,227,0.383,30,94,0.319
2026-08-09,4,2,오디세이,기타,245,1066,0.23,149,740,0.201
2026-08-09,4,2,오디세이,전체,5116,15264,0.335,1797,6019,0.299
2026-08-09,4,3,사랑의 하츄핑: 고래보석의 전설,CGV,822,6095,0.135,328,2182,0.15
2026-08-09,4,3,사랑의 하츄핑: 고래보석의 전설,롯데시네마,698,4145,0.168,288,1661,0.173
2026-08-09,4,3,사랑의 하츄핑: 고래보석의 전설,메가박스,478,3731,0.128,203,1342,0.151
2026-08-09,4,3,사랑의 하츄핑: 고래보석의 전설,씨네Q,31,227,0.137,16,94,0.17
2026-08-09,4,3,사랑의 하츄핑: 고래보석의 전설,기타,135,1066,0.127,106,740,0.143
2026-08-09,4,3,사랑의 하츄핑: 고래보석의 전설,전체,2164,15264,0.142,941,6019,0.156
2026-08-09,4,4,호프,CGV,299,6095,0.049,199,2182,0.091
2026-08-09,4,4,호프,롯데시네마,143,4145,0.034,104,1661,0.063
2026-08-09,4,4,호프,메가박스,278,3731,0.075,153,1342,0.114
2026-08-09,4,4,호프,씨네Q,9,227,0.04,8,94,0.085
2026-08-09,4,4,호프,기타,102,1066,0.096,83,740,0.112
2026-08-09,4,4,호프,전체,831,15264,0.054,547,6019,0.091
2026-08-09,4,5,미니언즈 & 몬스터즈,CGV,77,6095,0.013,71,2182,0.033
2026-08-09,4,5,미니언즈 & 몬스터즈,롯데시네마,76,4145,0.018,71,1661,0.043
2026-08-09,4,5,미니언즈 & 몬스터즈,메가박스,51,3731,0.014,49,1342,0.037
2026-08-09,4,5,미니언즈 & 몬스터즈,씨네Q,4,227,0.018,3,94,0.032
2026-08-09,4,5,미니언즈 & 몬스터즈,기타,35,1066,0.033,33,740,0.045
2026-08-09,4,5,미니언즈 & 몬스터즈,전체,243,15264,0.016,227,6019,0.038
2026-08-10,5,1,스파이더맨: 브랜드 뉴 데이,CGV,2401,5782,0.415,664,2061,0.322
2026-08-10,5,1,스파이더맨: 브랜드 뉴 데이,롯데시네마,1509,3912,0.386,451,1549,0.291
2026-08-10,5,1,스파이더맨: 브랜드 뉴 데이,메가박스,1360,3427,0.397,373,1257,0.297
2026-08-10,5,1,스파이더맨: 브랜드 뉴 데이,씨네Q,68,177,0.384,20,69,0.29
2026-08-10,5,1,스파이더맨: 브랜드 뉴 데이,기타,180,652,0.276,82,457,0.179
2026-08-10,5,1,스파이더맨: 브랜드 뉴 데이,전체,5518,13950,0.396,1590,5393,0.295
2026-08-10,5,2,오디세이,CGV,2131,5782,0.369,670,2061,0.325
2026-08-10,5,2,오디세이,롯데시네마,1394,3912,0.356,458,1549,0.296
2026-08-10,5,2,오디세이,메가박스,1244,3427,0.363,403,1257,0.321
2026-08-10,5,2,오디세이,씨네Q,70,177,0.395,22,69,0.319
2026-08-10,5,2,오디세이,기타,151,652,0.232,93,457,0.204
2026-08-10,5,2,오디세이,전체,4990,13950,0.358,1646,5393,0.305
2026-08-10,5,3,사랑의 하츄핑: 고래보석의 전설,CGV,608,5782,0.105,271,2061,0.131
2026-08-10,5,3,사랑의 하츄핑: 고래보석의 전설,롯데시네마,491,3912,0.126,220,1549,0.142
2026-08-10,5,3,사랑의 하츄핑: 고래보석의 전설,메가박스,330,3427,0.096,170,1257,0.135
2026-08-10,5,3,사랑의 하츄핑: 고래보석의 전설,씨네Q,18,177,0.102,10,69,0.145
2026-08-10,5,3,사랑의 하츄핑: 고래보석의 전설,기타,62,652,0.095,55,457,0.12
2026-08-10,5,3,사랑의 하츄핑: 고래보석의 전설,전체,1509,13950,0.108,726,5393,0.135
2026-08-10,5,4,호프,CGV,349,5782,0.06,216,2061,0.105
2026-08-10,5,4,호프,롯데시네마,223,3912,0.057,147,1549,0.095
2026-08-10,5,4,호프,메가박스,325,3427,0.095,161,1257,0.128
2026-08-10,5,4,호프,씨네Q,9,177,0.051,6,69,0.087
2026-08-10,5,4,호프,기타,43,652,0.066,32,457,0.07
2026-08-10,5,4,호프,전체,949,13950,0.068,562,5393,0.104
2026-08-10,5,5,미니언즈 & 몬스터즈,CGV,67,5782,0.012,66,2061,0.032
2026-08-10,5,5,미니언즈 & 몬스터즈,롯데시네마,85,3912,0.022,82,1549,0.053
2026-08-10,5,5,미니언즈 & 몬스터즈,메가박스,47,3427,0.014,43,1257,0.034
2026-08-10,5,5,미니언즈 & 몬스터즈,씨네Q,5,177,0.028,5,69,0.072
2026-08-10,5,5,미니언즈 & 몬스터즈,기타,13,652,0.02,12,457,0.026
2026-08-10,5,5,미니언즈 & 몬스터즈,전체,217,13950,0.016,208,5393,0.039
