date,price
2022-12-13,23650
2022-12-14,23250
2022-12-15,23000
2022-12-16,22700
2022-12-19,23850
2022-12-20,26550
2022-12-21,27000
2022-12-22,27500
2022-12-23,24750
2022-12-26,24800
2022-12-27,27150
2022-12-28,25900
2022-12-29,25300
2023-01-02,32850
2023-01-03,31650
2023-01-04,31600
2023-01-05,36500
2023-01-06,37450
2023-01-09,36800
2023-01-10,36550
2023-01-11,39750
2023-01-12,39800
2023-01-13,38700
2023-01-16,39200
2023-01-17,39150
2023-01-18,39500
2023-01-19,46850
2023-01-20,46750
2023-01-25,48200
2023-01-26,44700
2023-01-27,43800
2023-01-30,44000
2023-01-31,42800
2023-02-01,42800
2023-02-02,46900
2023-02-03,46400
2023-02-06,46650
2023-02-07,46400
2023-02-08,44450
2023-02-09,45300
2023-02-10,44250
2023-02-13,41550
2023-02-14,38750
2023-02-15,35950
2023-02-16,36450
2023-02-17,35750
2023-02-20,36800
2023-02-21,34450
2023-02-22,32500
2023-02-23,34900
2023-02-24,33350
2023-02-27,34150
2023-02-28,34750
2023-03-02,35650
2023-03-03,38000
2023-03-06,38250
2023-03-07,36400
2023-03-08,33450
2023-03-09,32600
2023-03-10,29850
2023-03-13,29200
2023-03-14,27500
2023-03-15,27600
2023-03-16,29300
2023-03-17,30550
2023-03-20,31700
2023-03-21,31050
2023-03-22,31800
2023-03-23,34400
2023-03-24,35750
2023-03-27,34300
2023-03-28,34500
2023-03-29,32550
2023-03-30,29300
2023-03-31,28350
2023-04-03,30000
2023-04-04,30600
2023-04-05,30950
2023-04-06,29700
2023-04-07,29400
2023-04-10,28650
2023-04-11,29100
2023-04-12,28500
2023-04-13,29800
2023-04-14,31250
2023-04-17,31200
2023-04-18,30300
2023-04-19,30200
2023-04-20,29100
2023-04-21,28000
2023-04-24,27900
2023-04-25,27200
2023-04-26,26800
2023-04-27,27100
2023-04-28,28800
2023-05-02,28600
2023-05-03,27250
2023-05-04,26150
2023-05-08,26800
2023-05-09,26400
2023-05-10,28000
2023-05-11,28200
2023-05-12,29400
2023-05-15,30900
2023-05-16,30900
2023-05-17,32400
2023-05-18,32200
2023-05-19,29600
2023-05-22,28950
2023-05-23,29300
2023-05-24,28550
2023-05-25,27800
2023-05-26,27350
2023-05-30,27200
2023-05-31,26950
2023-06-01,28700
2023-06-02,28050
2023-06-05,29050
2023-06-07,28450
2023-06-08,27550
2023-06-09,27400
2023-06-12,27150
2023-06-13,27500
2023-06-14,26750
2023-06-15,26800
2023-06-16,26100
2023-06-19,24450
2023-06-20,25550
2023-06-21,24450
2023-06-22,24300
2023-06-23,23950
2023-06-26,23250
2023-06-27,23250
2023-06-28,22550
2023-06-29,22200
2023-06-30,22950
2023-07-03,22950
2023-07-04,24100
2023-07-05,23900
2023-07-06,23700
2023-07-07,23000
2023-07-10,21800
2023-07-11,23350
2023-07-12,23900
2023-07-13,24300
2023-07-14,24650
2023-07-17,25050
2023-07-18,24150
2023-07-19,24900
2023-07-20,24550
2023-07-21,24550
2023-07-24,23850
2023-07-25,23250
2023-07-26,22450
2023-07-27,23100
2023-07-28,24250
2023-07-31,25000
2023-08-01,24450
2023-08-02,23400
2023-08-03,22900
2023-08-04,23500
2023-08-07,23900
2023-08-08,22800
2023-08-09,22800
2023-08-10,24000
2023-08-11,24200
2023-08-14,22500
2023-08-16,21700
2023-08-17,19800
2023-08-18,21150
2023-08-21,20200
2023-08-22,19620
2023-08-23,20200
2023-08-24,19770
2023-08-25,19620
2023-08-28,20100
2023-08-29,21800
2023-08-30,23150
2023-08-31,24250
2023-09-01,25200
2023-09-04,25400
2023-09-05,25000
2023-09-06,24400
2023-09-07,25750
2023-09-08,25600
2023-09-11,25100
2023-09-12,24750
2023-09-13,24550
2023-09-14,25950
2023-09-15,25550
2023-09-18,27150
2023-09-19,26450
2023-09-20,26800
2023-09-21,25450
2023-09-22,24000
2023-09-25,23800
2023-09-26,22400
2023-09-27,23400
2023-10-04,21800
2023-10-05,21850
2023-10-06,22300
2023-10-10,21000
2023-10-11,21050
2023-10-12,21950
2023-10-13,21700
2023-10-16,20650
2023-10-17,20850
2023-10-18,20400
2023-10-19,19620
2023-10-20,18900
2023-10-23,18750
2023-10-24,19410
2023-10-25,20100
2023-10-26,19770
2023-10-27,20600
2023-10-30,20850
2023-10-31,20000
2023-11-01,20250
2023-11-02,20150
2023-11-03,20100
2023-11-06,20500
2023-11-07,19820
2023-11-08,19900
2023-11-09,19300
2023-11-10,18400
2023-11-13,17450
2023-11-14,18520
2023-11-15,18320
2023-11-16,18910
2023-11-17,18520
2023-11-20,21850
2023-11-21,21050
2023-11-22,21000
2023-11-23,21800
2023-11-24,22750
2023-11-27,21450
2023-11-28,22250
2023-11-29,20650
2023-11-30,20900
2023-12-01,20350
2023-12-04,20950
2023-12-05,20450
2023-12-06,21950
2023-12-07,21550
2023-12-08,21100
2023-12-11,22100
2023-12-12,22100
2023-12-13,21750
2023-12-14,21600
2023-12-15,23200
2023-12-18,23450
2023-12-19,23200
2023-12-20,22700
2023-12-21,21050
2023-12-22,21450
2023-12-26,19930
2023-12-27,19890
2023-12-28,20050
2024-01-02,20650
2024-01-03,21000
2024-01-04,20500
2024-01-05,20500
2024-01-08,20150
2024-01-09,20500
2024-01-10,20450
2024-01-11,20400
2024-01-12,19850
2024-01-15,19800
2024-01-16,19390
2024-01-17,18530
2024-01-18,18990
2024-01-19,18780
2024-01-22,19200
2024-01-23,19000
2024-01-24,18650
2024-01-25,18150
2024-01-26,18090
2024-01-29,17280
2024-01-30,17000
2024-01-31,16780
2024-02-01,16360
2024-02-02,16510
2024-02-05,16660
2024-02-06,16850
2024-02-07,16970
2024-02-08,16750
2024-02-13,16580
2024-02-14,16780
2024-02-15,16600
2024-02-16,16180
2024-02-19,15700
2024-02-20,15860
2024-02-21,15990
2024-02-22,15720
2024-02-23,15350
2024-02-26,15920
2024-02-27,15560
2024-02-28,15720
2024-02-29,15570
2024-03-04,15720
2024-03-05,15690
2024-03-06,16000
2024-03-07,15700
2024-03-08,15430
2024-03-11,15340
2024-03-12,15270
2024-03-13,15550
2024-03-14,15400
2024-03-15,15320
2024-03-18,15290
2024-03-19,14770
2024-03-20,14740
2024-03-21,14620
2024-03-22,14200
2024-03-25,14400
2024-03-26,14200
2024-03-27,14170
2024-03-28,14620
2024-03-29,14510
2024-04-01,14920
2024-04-02,14600
2024-04-03,14260
2024-04-04,14220
2024-04-05,13780
2024-04-08,13410
2024-04-09,13640
2024-04-11,13420
2024-04-12,13620
2024-04-15,13230
2024-04-16,12980
2024-04-17,12980
2024-04-18,13270
2024-04-19,13290
2024-04-22,13440
2024-04-23,13460
2024-04-24,13720
2024-04-25,13430
2024-04-26,13050
2024-04-29,13420
2024-04-30,13250
2024-05-02,13580
2024-05-03,13530
2024-05-07,13500
2024-05-08,13450
2024-05-09,13440
2024-05-10,13530
2024-05-13,12910
2024-05-14,13110
2024-05-16,12820
2024-05-17,12670
2024-05-20,12210
2024-05-21,11910
2024-05-22,11990
2024-05-23,11830
2024-05-24,11600
2024-05-27,11770
2024-05-28,11560
2024-05-29,11310
2024-05-30,11150
2024-05-31,11240
2024-06-03,11370
2024-06-04,11380
2024-06-05,11200
2024-06-07,11280
2024-06-10,10850
2024-06-11,10550
2024-06-12,10420
2024-06-13,10230
2024-06-14,10170
2024-06-17,10070
2024-06-18,10250
2024-06-19,10070
2024-06-20,9610
2024-06-21,9200
2024-06-24,8880
2024-06-25,9160
2024-06-26,9290
2024-06-27,9120
2024-06-28,9220
2024-07-01,9470
2024-07-02,9540
2024-07-03,9250
2024-07-04,9200
2024-07-05,9200
2024-07-08,9660
2024-07-09,9520
2024-07-10,9390
2024-07-11,9390
2024-07-12,9740
2024-07-15,10140
2024-07-16,10680
2024-07-17,10810
2024-07-18,10590
2024-07-19,10510
2024-07-22,10850
2024-07-23,10680
2024-07-24,10850
2024-07-25,11180
2024-07-26,11130
2024-07-29,11350
2024-07-30,11290
2024-07-31,10640
2024-08-01,11510
2024-08-02,11270
2024-08-05,10500
2024-08-06,10830
2024-08-07,11560
2024-08-08,12430
2024-08-09,13350
2024-08-12,13730
2024-08-13,12230
2024-08-14,11880
2024-08-16,13100
2024-08-19,12190
2024-08-20,12270
2024-08-21,12400
2024-08-22,12510
2024-08-23,13000
2024-08-26,13530
2024-08-27,13710
2024-08-28,13490
2024-08-29,13170
2024-08-30,12990
2024-09-02,13000
2024-09-03,12560
2024-09-04,12090
2024-09-05,12310
2024-09-06,12010
2024-09-09,15610
2024-09-10,16690
2024-09-11,17160
2024-09-12,17510
2024-09-13,19310
2024-09-19,19390
2024-09-20,17770
2024-09-23,15210
2024-09-24,15780
2024-09-25,15720
2024-09-26,15830
2024-09-27,16350
2024-09-30,15720
2024-10-02,15620
2024-10-04,15080
2024-10-07,14710
2024-10-08,14740
2024-10-10,15150
2024-10-11,14360
2024-10-14,14830
2024-10-15,14920
2024-10-16,15720
2024-10-17,14660
2024-10-18,13830
2024-10-21,13770
2024-10-22,13160
2024-10-23,13560
2024-10-24,13300
2024-10-25,12880
2024-10-28,12960
2024-10-29,13150
2024-10-30,12820
2024-10-31,12870
2024-11-01,12520
2024-11-04,12650
2024-11-05,12970
2024-11-06,12540
2024-11-07,12440
2024-11-08,12000
2024-11-11,11360
2024-11-12,11170
2024-11-13,10900
2024-11-14,11600
2024-11-15,11550
2024-11-18,12050
2024-11-19,12950
2024-11-20,12900
2024-11-21,13170
2024-11-22,13250
2024-11-25,13330
2024-11-26,12950
2024-11-27,13100
2024-11-28,12900
2024-11-29,12830
2024-12-02,13010
2024-12-03,12950
2024-12-04,13020
2024-12-05,12140
2024-12-06,12190
2024-12-09,11480
2024-12-10,12740
2024-12-11,13810
2024-12-12,13090
2024-12-13,13280
2024-12-16,13430
2024-12-17,13170
2024-12-18,13240
2024-12-19,13240
2024-12-20,13300
2024-12-23,13610
2024-12-24,13230
2024-12-26,12400
2024-12-27,12220
2024-12-30,12730
2025-01-02,13220
2025-01-03,13150
2025-01-06,13470
2025-01-07,13300
2025-01-08,13160
2025-01-09,13020
2025-01-10,12860
2025-01-13,12760
2025-01-14,12990
2025-01-15,14160
2025-01-16,13960
2025-01-17,14140
2025-01-20,14590
2025-01-21,14770
2025-01-22,15350
2025-01-23,15650
2025-01-24,15390
2025-01-31,15240
2025-02-03,14700
2025-02-04,15010
2025-02-05,15490
2025-02-06,14920
2025-02-07,15230
2025-02-10,19790
2025-02-11,21050
2025-02-12,21850
2025-02-13,21000
2025-02-14,22350
2025-02-17,23850
2025-02-18,23950
2025-02-19,22800
2025-02-20,24600
2025-02-21,24400
2025-02-24,24250
2025-02-25,28300
2025-02-26,28300
2025-02-27,27350
2025-02-28,27000
2025-03-04,25600
2025-03-05,26500
2025-03-06,27250
2025-03-07,28750
2025-03-10,27750
2025-03-11,26800
2025-03-12,29200
2025-03-13,30900
2025-03-14,28850
2025-03-17,28400
2025-03-18,30500
2025-03-19,29400
2025-03-20,30100
2025-03-21,31700
2025-03-24,31350
2025-03-25,32000
2025-03-26,29950
2025-03-27,28300
2025-03-28,29050
2025-03-31,29500
2025-04-01,29300
2025-04-02,28100
2025-04-03,28200
2025-04-04,30200
2025-04-07,28550
2025-04-08,29400
2025-04-09,27450
2025-04-10,34300
2025-04-11,35450
2025-04-14,35150
2025-04-15,33350
2025-04-16,34600
2025-04-17,36600
2025-04-18,36050
2025-04-21,36100
2025-04-22,35600
2025-04-23,36400
2025-04-24,37350
2025-04-25,37600
2025-04-28,37450
2025-04-29,37800
2025-04-30,38750
2025-05-02,38350
2025-05-07,36800
2025-05-08,40100
2025-05-09,39050
2025-05-12,37850
2025-05-13,39100
2025-05-14,50800
2025-05-15,62000
2025-05-16,62500
2025-05-19,68000
2025-05-20,67000
2025-05-21,65500
2025-05-22,64800
2025-05-23,67100
2025-05-26,70500
2025-05-27,69200
2025-05-28,68400
2025-05-29,70000
2025-05-30,75200
2025-06-02,78000
2025-06-04,78800
2025-06-05,78800
2025-06-09,73000
2025-06-10,75700
2025-06-11,71500
2025-06-12,78900
2025-06-13,78900
2025-06-16,82500
2025-06-17,85100
2025-06-18,82600
2025-06-19,79900
2025-06-20,89400
2025-06-23,86300
2025-06-24,87100
2025-06-25,94800
2025-06-26,91500
2025-06-27,90200
2025-06-30,91900
2025-07-01,86000
2025-07-02,79100
2025-07-03,74700
2025-07-04,75000
2025-07-07,77500
2025-07-08,85500
2025-07-09,85200
2025-07-10,78200
2025-07-11,80000
2025-07-14,77200
2025-07-15,76600
2025-07-16,74900
2025-07-17,72500
2025-07-18,72700
2025-07-21,73500
2025-07-22,72100
2025-07-23,72700
2025-07-24,71700
2025-07-25,73500
2025-07-28,75900
2025-07-29,74200
2025-07-30,73600
2025-07-31,78000
2025-08-01,73600
2025-08-04,75300
2025-08-05,76200
2025-08-06,74800
2025-08-07,78000
2025-08-08,82500
2025-08-11,77500
2025-08-12,82000
2025-08-13,74700
2025-08-14,73500
2025-08-18,61600
2025-08-19,59100
2025-08-20,56600
2025-08-21,58800
2025-08-22,62000
2025-08-25,62900
2025-08-26,61500
2025-08-27,60700
2025-08-28,60000
2025-08-29,58000
2025-09-01,56900
2025-09-02,54800
2025-09-03,52900
2025-09-04,53200
2025-09-05,55900
2025-09-08,56300
2025-09-09,54800
2025-09-10,54200
2025-09-11,54400
2025-09-12,54800
2025-09-15,52700
2025-09-16,52000
2025-09-17,52900
2025-09-18,50800
2025-09-19,53200
2025-09-22,55400
2025-09-23,54900
2025-09-24,53400
2025-09-25,56200
2025-09-26,56600
2025-09-29,56900
2025-09-30,61700
2025-10-01,60000
2025-10-02,58100
2025-10-10,59600
2025-10-13,63100
2025-10-14,60200
2025-10-15,60000
2025-10-16,56100
2025-10-17,51400
2025-10-20,54800
2025-10-21,52300
2025-10-22,51600
2025-10-23,51800
2025-10-24,62200
2025-10-27,55800
2025-10-28,54300
2025-10-29,53800
2025-10-30,55600
2025-10-31,57000
2025-11-03,53400
2025-11-04,54800
2025-11-05,53000
2025-11-06,50600
2025-11-07,47800
2025-11-10,45400
2025-11-11,43700
2025-11-12,43350
2025-11-13,46750
2025-11-14,49200
2025-11-17,49500
2025-11-18,42000
2025-11-19,41250
2025-11-20,44200
2025-11-21,41750
2025-11-24,42200
2025-11-25,41450
2025-11-26,41650
2025-11-27,42700
2025-11-28,42450
2025-12-01,40600
2025-12-02,40000
2025-12-03,38900
2025-12-04,38250
2025-12-05,37750
2025-12-08,38250
2025-12-09,38100
2025-12-10,38400
2025-12-11,37500
2025-12-12,39300
2025-12-15,45350
2025-12-16,41550
2025-12-17,41000
2025-12-18,40400
2025-12-19,40750
2025-12-22,41500
2025-12-23,42700
2025-12-24,40150
2025-12-26,39000
2025-12-29,40150
2025-12-30,41350
2026-01-02,41450
2026-01-05,41200
2026-01-06,39750
2026-01-07,38500
2026-01-08,38850
2026-01-09,38900
2026-01-12,39650
2026-01-13,39650
2026-01-14,39000
2026-01-15,37950
2026-01-16,37900
2026-01-19,37350
2026-01-20,37450
2026-01-21,35100
2026-01-22,37450
2026-01-23,37450
2026-01-26,38450
2026-01-27,37900
2026-01-28,38650
2026-01-29,38800
2026-01-30,37150
2026-02-02,36100
2026-02-03,38300
2026-02-04,38850
2026-02-05,37850
2026-02-06,35950
2026-02-09,37950
2026-02-10,40200
2026-02-11,45300
2026-02-12,40600
2026-02-13,37750
2026-02-19,37600
2026-02-20,37350
2026-02-23,37150
2026-02-24,36650
2026-02-25,36450
2026-02-26,35800
2026-02-27,35150
2026-03-03,32450
2026-03-04,28950
2026-03-05,31500
2026-03-06,33700
2026-03-09,32300
2026-03-10,33950
2026-03-11,34550
2026-03-12,35150
2026-03-13,34750
2026-03-16,33950
2026-03-17,34350
2026-03-18,35200
2026-03-19,34450
2026-03-20,35900
2026-03-23,32950
2026-03-24,33950
2026-03-25,35050
2026-03-26,33700
2026-03-27,33950
2026-03-30,32850
2026-03-31,31750
2026-04-01,33900
2026-04-02,32050
2026-04-03,33000
2026-04-06,31550
2026-04-07,30300
2026-04-08,32700
2026-04-09,33200
2026-04-10,34250
2026-04-13,33300
2026-04-14,36600
2026-04-15,35700
2026-04-16,37850
2026-04-17,38300
2026-04-20,37600
2026-04-21,37500
2026-04-22,37700
2026-04-23,37400
2026-04-24,39450
2026-04-27,40750
2026-04-28,43000
2026-04-29,46350
2026-04-30,42900
2026-05-04,39500
2026-05-06,37050
2026-05-07,35950
2026-05-08,35950
2026-05-11,35200
2026-05-12,36350
2026-05-13,38300
2026-05-14,39500
2026-05-15,38900
2026-05-18,28650
2026-05-19,26600
2026-05-20,25100
2026-05-21,24350
2026-05-22,25700
2026-05-26,27800
2026-05-27,25900
2026-05-28,25350
2026-05-29,24150
2026-06-01,23000
2026-06-02,22700
2026-06-04,24100
2026-06-05,25100
2026-06-08,23400
2026-06-09,25100
2026-06-10,24300
2026-06-11,26000
2026-06-12,25800
2026-06-15,25200
2026-06-16,27700
2026-06-17,30200
2026-06-18,28350
2026-06-19,26050
2026-06-22,25400
2026-06-23,23850
2026-06-24,22600
2026-06-25,21000
2026-06-26,20500
2026-06-29,23100
2026-06-30,24450
2026-07-01,25650
2026-07-02,25100
2026-07-03,24800
2026-07-06,24600
2026-07-07,24600
2026-07-08,24600
2026-07-09,26200
2026-07-10,27900
2026-07-13,27650
2026-07-14,26600
2026-07-15,27800
2026-07-16,27600
2026-07-20,26700
2026-07-21,28650
2026-07-22,29650
2026-07-23,32300
2026-07-24,32200
2026-07-27,27750
2026-07-28,26100
2026-07-29,24750
2026-07-30,24500
2026-07-31,27200
2026-08-01,27200
2026-08-02,27200
2026-08-03,26550
2026-08-04,28200
2026-08-05,27250
2026-08-06,26950
2026-08-07,28250
2026-08-08,28250
2026-08-09,28250
2026-08-10,26150
2026-08-11,26650
2026-08-12,25450
2026-08-13,23850
