date,brand,keyword,value
2021-09-05,madeca cream,マデカクリーム,0
2021-09-12,madeca cream,マデカクリーム,0
2021-09-19,madeca cream,マデカクリーム,0
2021-09-26,madeca cream,マデカクリーム,0
2021-10-03,madeca cream,マデカクリーム,0
2021-10-10,madeca cream,マデカクリーム,0
2021-10-17,madeca cream,マデカクリーム,0
2021-10-24,madeca cream,マデカクリーム,0
2021-10-31,madeca cream,マデカクリーム,0
2021-11-07,madeca cream,マデカクリーム,0
2021-11-14,madeca cream,マデカクリーム,0
2021-11-21,madeca cream,マデカクリーム,0
2021-11-28,madeca cream,マデカクリーム,0
2021-12-05,madeca cream,マデカクリーム,0
2021-12-12,madeca cream,マデカクリーム,0
2021-12-19,madeca cream,マデカクリーム,0
2021-12-26,madeca cream,マデカクリーム,0
2022-01-02,madeca cream,マデカクリーム,0
2022-01-09,madeca cream,マデカクリーム,0
2022-01-16,madeca cream,マデカクリーム,0
2022-01-23,madeca cream,マデカクリーム,0
2022-01-30,madeca cream,マデカクリーム,0
2022-02-06,madeca cream,マデカクリーム,0
2022-02-13,madeca cream,マデカクリーム,0
2022-02-20,madeca cream,マデカクリーム,0
2022-02-27,madeca cream,マデカクリーム,0
2022-03-06,madeca cream,マデカクリーム,0
2022-03-13,madeca cream,マデカクリーム,0
2022-03-20,madeca cream,マデカクリーム,0
2022-03-27,madeca cream,マデカクリーム,0
2022-04-03,madeca cream,マデカクリーム,0
2022-04-10,madeca cream,マデカクリーム,0
2022-04-17,madeca cream,マデカクリーム,0
2022-04-24,madeca cream,マデカクリーム,0
2022-05-01,madeca cream,マデカクリーム,0
2022-05-08,madeca cream,マデカクリーム,0
2022-05-15,madeca cream,マデカクリーム,0
2022-05-22,madeca cream,マデカクリーム,0
2022-05-29,madeca cream,マデカクリーム,0
2022-06-05,madeca cream,マデカクリーム,0
2022-06-12,madeca cream,マデカクリーム,0
2022-06-19,madeca cream,マデカクリーム,0
2022-06-26,madeca cream,マデカクリーム,0
2022-07-03,madeca cream,マデカクリーム,0
2022-07-10,madeca cream,マデカクリーム,0
2022-07-17,madeca cream,マデカクリーム,0
2022-07-24,madeca cream,マデカクリーム,92
2022-07-31,madeca cream,マデカクリーム,0
2022-08-07,madeca cream,マデカクリーム,0
2022-08-14,madeca cream,マデカクリーム,0
2022-08-21,madeca cream,マデカクリーム,0
2022-08-28,madeca cream,マデカクリーム,0
2022-09-04,madeca cream,マデカクリーム,0
2022-09-11,madeca cream,マデカクリーム,0
2022-09-18,madeca cream,マデカクリーム,0
2022-09-25,madeca cream,マデカクリーム,0
2022-10-02,madeca cream,マデカクリーム,0
2022-10-09,madeca cream,マデカクリーム,0
2022-10-16,madeca cream,マデカクリーム,0
2022-10-23,madeca cream,マデカクリーム,0
2022-10-30,madeca cream,マデカクリーム,0
2022-11-06,madeca cream,マデカクリーム,0
2022-11-13,madeca cream,マデカクリーム,0
2022-11-20,madeca cream,マデカクリーム,0
2022-11-27,madeca cream,マデカクリーム,0
2022-12-04,madeca cream,マデカクリーム,0
2022-12-11,madeca cream,マデカクリーム,0
2022-12-18,madeca cream,マデカクリーム,0
2022-12-25,madeca cream,マデカクリーム,0
2023-01-01,madeca cream,マデカクリーム,0
2023-01-08,madeca cream,マデカクリーム,0
2023-01-15,madeca cream,マデカクリーム,0
2023-01-22,madeca cream,マデカクリーム,0
2023-01-29,madeca cream,マデカクリーム,0
2023-02-05,madeca cream,マデカクリーム,0
2023-02-12,madeca cream,マデカクリーム,0
2023-02-19,madeca cream,マデカクリーム,0
2023-02-26,madeca cream,マデカクリーム,0
2023-03-05,madeca cream,マデカクリーム,0
2023-03-12,madeca cream,マデカクリーム,0
2023-03-19,madeca cream,マデカクリーム,0
2023-03-26,madeca cream,マデカクリーム,0
2023-04-02,madeca cream,マデカクリーム,0
2023-04-09,madeca cream,マデカクリーム,0
2023-04-16,madeca cream,マデカクリーム,0
2023-04-23,madeca cream,マデカクリーム,0
2023-04-30,madeca cream,マデカクリーム,0
2023-05-07,madeca cream,マデカクリーム,0
2023-05-14,madeca cream,マデカクリーム,0
2023-05-21,madeca cream,マデカクリーム,0
2023-05-28,madeca cream,マデカクリーム,0
2023-06-04,madeca cream,マデカクリーム,0
2023-06-11,madeca cream,マデカクリーム,0
2023-06-18,madeca cream,マデカクリーム,0
2023-06-25,madeca cream,マデカクリーム,0
2023-07-02,madeca cream,マデカクリーム,0
2023-07-09,madeca cream,マデカクリーム,0
2023-07-16,madeca cream,マデカクリーム,0
2023-07-23,madeca cream,マデカクリーム,0
2023-07-30,madeca cream,マデカクリーム,0
2023-08-06,madeca cream,マデカクリーム,0
2023-08-13,madeca cream,マデカクリーム,0
2023-08-20,madeca cream,マデカクリーム,0
2023-08-27,madeca cream,マデカクリーム,0
2023-09-03,madeca cream,マデカクリーム,0
2023-09-10,madeca cream,マデカクリーム,0
2023-09-17,madeca cream,マデカクリーム,0
2023-09-24,madeca cream,マデカクリーム,0
2023-10-01,madeca cream,マデカクリーム,0
2023-10-08,madeca cream,マデカクリーム,0
2023-10-15,madeca cream,マデカクリーム,0
2023-10-22,madeca cream,マデカクリーム,0
2023-10-29,madeca cream,マデカクリーム,0
2023-11-05,madeca cream,マデカクリーム,0
2023-11-12,madeca cream,マデカクリーム,0
2023-11-19,madeca cream,マデカクリーム,0
2023-11-26,madeca cream,マデカクリーム,0
2023-12-03,madeca cream,マデカクリーム,0
2023-12-10,madeca cream,マデカクリーム,0
2023-12-17,madeca cream,マデカクリーム,0
2023-12-24,madeca cream,マデカクリーム,0
2023-12-31,madeca cream,マデカクリーム,0
2024-01-07,madeca cream,マデカクリーム,0
2024-01-14,madeca cream,マデカクリーム,0
2024-01-21,madeca cream,マデカクリーム,0
2024-01-28,madeca cream,マデカクリーム,0
2024-02-04,madeca cream,マデカクリーム,0
2024-02-11,madeca cream,マデカクリーム,0
2024-02-18,madeca cream,マデカクリーム,0
2024-02-25,madeca cream,マデカクリーム,0
2024-03-03,madeca cream,マデカクリーム,0
2024-03-10,madeca cream,マデカクリーム,0
2024-03-17,madeca cream,マデカクリーム,0
2024-03-24,madeca cream,マデカクリーム,0
2024-03-31,madeca cream,マデカクリーム,0
2024-04-07,madeca cream,マデカクリーム,0
2024-04-14,madeca cream,マデカクリーム,0
2024-04-21,madeca cream,マデカクリーム,0
2024-04-28,madeca cream,マデカクリーム,0
2024-05-05,madeca cream,マデカクリーム,0
2024-05-12,madeca cream,マデカクリーム,0
2024-05-19,madeca cream,マデカクリーム,100
2024-05-26,madeca cream,マデカクリーム,0
2024-06-02,madeca cream,マデカクリーム,0
2024-06-09,madeca cream,マデカクリーム,0
2024-06-16,madeca cream,マデカクリーム,0
2024-06-23,madeca cream,マデカクリーム,0
2024-06-30,madeca cream,マデカクリーム,0
2024-07-07,madeca cream,マデカクリーム,0
2024-07-14,madeca cream,マデカクリーム,0
2024-07-21,madeca cream,マデカクリーム,0
2024-07-28,madeca cream,マデカクリーム,0
2024-08-04,madeca cream,マデカクリーム,0
2024-08-11,madeca cream,マデカクリーム,0
2024-08-18,madeca cream,マデカクリーム,0
2024-08-25,madeca cream,マデカクリーム,0
2024-09-01,madeca cream,マデカクリーム,0
2024-09-08,madeca cream,マデカクリーム,80
2024-09-15,madeca cream,マデカクリーム,0
2024-09-22,madeca cream,マデカクリーム,0
2024-09-29,madeca cream,マデカクリーム,0
2024-10-06,madeca cream,マデカクリーム,0
2024-10-13,madeca cream,マデカクリーム,0
2024-10-20,madeca cream,マデカクリーム,0
2024-10-27,madeca cream,マデカクリーム,0
2024-11-03,madeca cream,マデカクリーム,0
2024-11-10,madeca cream,マデカクリーム,0
2024-11-17,madeca cream,マデカクリーム,0
2024-11-24,madeca cream,マデカクリーム,0
2024-12-01,madeca cream,マデカクリーム,0
2024-12-08,madeca cream,マデカクリーム,0
2024-12-15,madeca cream,マデカクリーム,0
2024-12-22,madeca cream,マデカクリーム,0
2024-12-29,madeca cream,マデカクリーム,0
2025-01-05,madeca cream,マデカクリーム,0
2025-01-12,madeca cream,マデカクリーム,0
2025-01-19,madeca cream,マデカクリーム,0
2025-01-26,madeca cream,マデカクリーム,0
2025-02-02,madeca cream,マデカクリーム,0
2025-02-09,madeca cream,マデカクリーム,0
2025-02-16,madeca cream,マデカクリーム,0
2025-02-23,madeca cream,マデカクリーム,0
2025-03-02,madeca cream,マデカクリーム,100
2025-03-09,madeca cream,マデカクリーム,0
2025-03-16,madeca cream,マデカクリーム,0
2025-03-23,madeca cream,マデカクリーム,0
2025-03-30,madeca cream,マデカクリーム,0
2025-04-06,madeca cream,マデカクリーム,0
2025-04-13,madeca cream,マデカクリーム,0
2025-04-20,madeca cream,マデカクリーム,0
2025-04-27,madeca cream,マデカクリーム,0
2025-05-04,madeca cream,マデカクリーム,0
2025-05-11,madeca cream,マデカクリーム,0
2025-05-18,madeca cream,マデカクリーム,0
2025-05-25,madeca cream,マデカクリーム,0
2025-06-01,madeca cream,マデカクリーム,0
2025-06-08,madeca cream,マデカクリーム,0
2025-06-15,madeca cream,マデカクリーム,0
2025-06-22,madeca cream,マデカクリーム,0
2025-06-29,madeca cream,マデカクリーム,0
2025-07-06,madeca cream,マデカクリーム,0
2025-07-13,madeca cream,マデカクリーム,0
2025-07-20,madeca cream,マデカクリーム,0
2025-07-27,madeca cream,マデカクリーム,0
2025-08-03,madeca cream,マデカクリーム,0
2025-08-10,madeca cream,マデカクリーム,0
2025-08-17,madeca cream,マデカクリーム,0
2025-08-24,madeca cream,マデカクリーム,0
2025-08-31,madeca cream,マデカクリーム,0
2025-09-07,madeca cream,マデカクリーム,0
2025-09-14,madeca cream,マデカクリーム,0
2025-09-21,madeca cream,マデカクリーム,0
2025-09-28,madeca cream,マデカクリーム,0
2025-10-05,madeca cream,マデカクリーム,0
2025-10-12,madeca cream,マデカクリーム,0
2025-10-19,madeca cream,マデカクリーム,0
2025-10-26,madeca cream,マデカクリーム,0
2025-11-02,madeca cream,マデカクリーム,0
2025-11-09,madeca cream,マデカクリーム,0
2025-11-16,madeca cream,マデカクリーム,0
2025-11-23,madeca cream,マデカクリーム,0
2025-11-30,madeca cream,マデカクリーム,0
2025-12-07,madeca cream,マデカクリーム,0
2025-12-14,madeca cream,マデカクリーム,0
2025-12-21,madeca cream,マデカクリーム,0
2025-12-28,madeca cream,マデカクリーム,0
2026-01-04,madeca cream,マデカクリーム,0
2026-01-11,madeca cream,マデカクリーム,0
2026-01-18,madeca cream,マデカクリーム,0
2026-01-25,madeca cream,マデカクリーム,0
2026-02-01,madeca cream,マデカクリーム,0
2026-02-08,madeca cream,マデカクリーム,0
2026-02-15,madeca cream,マデカクリーム,0
2026-02-22,madeca cream,マデカクリーム,0
2026-03-01,madeca cream,マデカクリーム,0
2026-03-08,madeca cream,マデカクリーム,0
2026-03-15,madeca cream,マデカクリーム,0
2026-03-22,madeca cream,マデカクリーム,0
2026-03-29,madeca cream,マデカクリーム,0
2026-04-05,madeca cream,マデカクリーム,0
2026-04-12,madeca cream,マデカクリーム,0
2026-04-19,madeca cream,マデカクリーム,0
2026-04-26,madeca cream,マデカクリーム,0
2026-05-03,madeca cream,マデカクリーム,0
2026-05-10,madeca cream,マデカクリーム,0
2026-05-17,madeca cream,マデカクリーム,0
2026-05-24,madeca cream,マデカクリーム,90
2026-05-31,madeca cream,マデカクリーム,0
2026-06-07,madeca cream,マデカクリーム,0
2026-06-14,madeca cream,マデカクリーム,0
2026-06-21,madeca cream,マデカクリーム,0
2026-06-28,madeca cream,マデカクリーム,0
2026-07-05,madeca cream,マデカクリーム,0
2026-07-12,madeca cream,マデカクリーム,0
2026-07-19,madeca cream,マデカクリーム,0
2026-07-26,madeca cream,マデカクリーム,0
2026-08-02,madeca cream,マデカクリーム,0
2026-08-09,madeca cream,マデカクリーム,0
2026-08-16,madeca cream,マデカクリーム,0
2026-08-23,madeca cream,マデカクリーム,28
2026-08-30,madeca cream,マデカクリーム,54
2026-09-06,madeca cream,マデカクリーム,42
2021-09-05,reedle shot,リードルショット,0
2021-09-12,reedle shot,リードルショット,0
2021-09-19,reedle shot,リードルショット,0
2021-09-26,reedle shot,リードルショット,0
2021-10-03,reedle shot,リードルショット,0
2021-10-10,reedle shot,リードルショット,0
2021-10-17,reedle shot,リードルショット,0
2021-10-24,reedle shot,リードルショット,0
2021-10-31,reedle shot,リードルショット,0
2021-11-07,reedle shot,リードルショット,0
2021-11-14,reedle shot,リードルショット,0
2021-11-21,reedle shot,リードルショット,0
2021-11-28,reedle shot,リードルショット,0
2021-12-05,reedle shot,リードルショット,0
2021-12-12,reedle shot,リードルショット,0
2021-12-19,reedle shot,リードルショット,0
2021-12-26,reedle shot,リードルショット,0
2022-01-02,reedle shot,リードルショット,0
2022-01-09,reedle shot,リードルショット,0
2022-01-16,reedle shot,リードルショット,0
2022-01-23,reedle shot,リードルショット,0
2022-01-30,reedle shot,リードルショット,0
2022-02-06,reedle shot,リードルショット,0
2022-02-13,reedle shot,リードルショット,0
2022-02-20,reedle shot,リードルショット,0
2022-02-27,reedle shot,リードルショット,0
2022-03-06,reedle shot,リードルショット,0
2022-03-13,reedle shot,リードルショット,0
2022-03-20,reedle shot,リードルショット,0
2022-03-27,reedle shot,リードルショット,0
2022-04-03,reedle shot,リードルショット,0
2022-04-10,reedle shot,リードルショット,0
2022-04-17,reedle shot,リードルショット,0
2022-04-24,reedle shot,リードルショット,0
2022-05-01,reedle shot,リードルショット,0
2022-05-08,reedle shot,リードルショット,0
2022-05-15,reedle shot,リードルショット,0
2022-05-22,reedle shot,リードルショット,0
2022-05-29,reedle shot,リードルショット,0
2022-06-05,reedle shot,リードルショット,0
2022-06-12,reedle shot,リードルショット,0
2022-06-19,reedle shot,リードルショット,0
2022-06-26,reedle shot,リードルショット,0
2022-07-03,reedle shot,リードルショット,0
2022-07-10,reedle shot,リードルショット,0
2022-07-17,reedle shot,リードルショット,0
2022-07-24,reedle shot,リードルショット,0
2022-07-31,reedle shot,リードルショット,0
2022-08-07,reedle shot,リードルショット,0
2022-08-14,reedle shot,リードルショット,0
2022-08-21,reedle shot,リードルショット,0
2022-08-28,reedle shot,リードルショット,0
2022-09-04,reedle shot,リードルショット,0
2022-09-11,reedle shot,リードルショット,0
2022-09-18,reedle shot,リードルショット,0
2022-09-25,reedle shot,リードルショット,0
2022-10-02,reedle shot,リードルショット,0
2022-10-09,reedle shot,リードルショット,0
2022-10-16,reedle shot,リードルショット,0
2022-10-23,reedle shot,リードルショット,0
2022-10-30,reedle shot,リードルショット,0
2022-11-06,reedle shot,リードルショット,0
2022-11-13,reedle shot,リードルショット,0
2022-11-20,reedle shot,リードルショット,0
2022-11-27,reedle shot,リードルショット,0
2022-12-04,reedle shot,リードルショット,0
2022-12-11,reedle shot,リードルショット,0
2022-12-18,reedle shot,リードルショット,0
2022-12-25,reedle shot,リードルショット,0
2023-01-01,reedle shot,リードルショット,0
2023-01-08,reedle shot,リードルショット,0
2023-01-15,reedle shot,リードルショット,0
2023-01-22,reedle shot,リードルショット,0
2023-01-29,reedle shot,リードルショット,0
2023-02-05,reedle shot,リードルショット,0
2023-02-12,reedle shot,リードルショット,0
2023-02-19,reedle shot,リードルショット,0
2023-02-26,reedle shot,リードルショット,0
2023-03-05,reedle shot,リードルショット,0
2023-03-12,reedle shot,リードルショット,0
2023-03-19,reedle shot,リードルショット,0
2023-03-26,reedle shot,リードルショット,0
2023-04-02,reedle shot,リードルショット,0
2023-04-09,reedle shot,リードルショット,0
2023-04-16,reedle shot,リードルショット,0
2023-04-23,reedle shot,リードルショット,0
2023-04-30,reedle shot,リードルショット,0
2023-05-07,reedle shot,リードルショット,0
2023-05-14,reedle shot,リードルショット,0
2023-05-21,reedle shot,リードルショット,0
2023-05-28,reedle shot,リードルショット,0
2023-06-04,reedle shot,リードルショット,11
2023-06-11,reedle shot,リードルショット,18
2023-06-18,reedle shot,リードルショット,10
2023-06-25,reedle shot,リードルショット,6
2023-07-02,reedle shot,リードルショット,9
2023-07-09,reedle shot,リードルショット,10
2023-07-16,reedle shot,リードルショット,17
2023-07-23,reedle shot,リードルショット,25
2023-07-30,reedle shot,リードルショット,17
2023-08-06,reedle shot,リードルショット,18
2023-08-13,reedle shot,リードルショット,28
2023-08-20,reedle shot,リードルショット,27
2023-08-27,reedle shot,リードルショット,71
2023-09-03,reedle shot,リードルショット,97
2023-09-10,reedle shot,リードルショット,74
2023-09-17,reedle shot,リードルショット,71
2023-09-24,reedle shot,リードルショット,60
2023-10-01,reedle shot,リードルショット,42
2023-10-08,reedle shot,リードルショット,40
2023-10-15,reedle shot,リードルショット,35
2023-10-22,reedle shot,リードルショット,41
2023-10-29,reedle shot,リードルショット,44
2023-11-05,reedle shot,リードルショット,43
2023-11-12,reedle shot,リードルショット,41
2023-11-19,reedle shot,リードルショット,82
2023-11-26,reedle shot,リードルショット,94
2023-12-03,reedle shot,リードルショット,80
2023-12-10,reedle shot,リードルショット,72
2023-12-17,reedle shot,リードルショット,53
2023-12-24,reedle shot,リードルショット,52
2023-12-31,reedle shot,リードルショット,56
2024-01-07,reedle shot,リードルショット,53
2024-01-14,reedle shot,リードルショット,51
2024-01-21,reedle shot,リードルショット,44
2024-01-28,reedle shot,リードルショット,49
2024-02-04,reedle shot,リードルショット,42
2024-02-11,reedle shot,リードルショット,37
2024-02-18,reedle shot,リードルショット,38
2024-02-25,reedle shot,リードルショット,71
2024-03-03,reedle shot,リードルショット,100
2024-03-10,reedle shot,リードルショット,65
2024-03-17,reedle shot,リードルショット,70
2024-03-24,reedle shot,リードルショット,53
2024-03-31,reedle shot,リードルショット,46
2024-04-07,reedle shot,リードルショット,34
2024-04-14,reedle shot,リードルショット,54
2024-04-21,reedle shot,リードルショット,51
2024-04-28,reedle shot,リードルショット,48
2024-05-05,reedle shot,リードルショット,52
2024-05-12,reedle shot,リードルショット,46
2024-05-19,reedle shot,リードルショット,49
2024-05-26,reedle shot,リードルショット,72
2024-06-02,reedle shot,リードルショット,91
2024-06-09,reedle shot,リードルショット,82
2024-06-16,reedle shot,リードルショット,66
2024-06-23,reedle shot,リードルショット,56
2024-06-30,reedle shot,リードルショット,52
2024-07-07,reedle shot,リードルショット,47
2024-07-14,reedle shot,リードルショット,62
2024-07-21,reedle shot,リードルショット,45
2024-07-28,reedle shot,リードルショット,36
2024-08-04,reedle shot,リードルショット,42
2024-08-11,reedle shot,リードルショット,57
2024-08-18,reedle shot,リードルショット,59
2024-08-25,reedle shot,リードルショット,70
2024-09-01,reedle shot,リードルショット,98
2024-09-08,reedle shot,リードルショット,93
2024-09-15,reedle shot,リードルショット,85
2024-09-22,reedle shot,リードルショット,61
2024-09-29,reedle shot,リードルショット,66
2024-10-06,reedle shot,リードルショット,61
2024-10-13,reedle shot,リードルショット,65
2024-10-20,reedle shot,リードルショット,66
2024-10-27,reedle shot,リードルショット,57
2024-11-03,reedle shot,リードルショット,69
2024-11-10,reedle shot,リードルショット,85
2024-11-17,reedle shot,リードルショット,82
2024-11-24,reedle shot,リードルショット,86
2024-12-01,reedle shot,リードルショット,79
2024-12-08,reedle shot,リードルショット,58
2024-12-15,reedle shot,リードルショット,64
2024-12-22,reedle shot,リードルショット,76
2024-12-29,reedle shot,リードルショット,89
2025-01-05,reedle shot,リードルショット,87
2025-01-12,reedle shot,リードルショット,71
2025-01-19,reedle shot,リードルショット,58
2025-01-26,reedle shot,リードルショット,75
2025-02-02,reedle shot,リードルショット,60
2025-02-09,reedle shot,リードルショット,73
2025-02-16,reedle shot,リードルショット,55
2025-02-23,reedle shot,リードルショット,75
2025-03-02,reedle shot,リードルショット,84
2025-03-09,reedle shot,リードルショット,84
2025-03-16,reedle shot,リードルショット,58
2025-03-23,reedle shot,リードルショット,58
2025-03-30,reedle shot,リードルショット,51
2025-04-06,reedle shot,リードルショット,46
2025-04-13,reedle shot,リードルショット,39
2025-04-20,reedle shot,リードルショット,35
2025-04-27,reedle shot,リードルショット,39
2025-05-04,reedle shot,リードルショット,49
2025-05-11,reedle shot,リードルショット,35
2025-05-18,reedle shot,リードルショット,38
2025-05-25,reedle shot,リードルショット,47
2025-06-01,reedle shot,リードルショット,65
2025-06-08,reedle shot,リードルショット,59
2025-06-15,reedle shot,リードルショット,32
2025-06-22,reedle shot,リードルショット,29
2025-06-29,reedle shot,リードルショット,32
2025-07-06,reedle shot,リードルショット,33
2025-07-13,reedle shot,リードルショット,30
2025-07-20,reedle shot,リードルショット,28
2025-07-27,reedle shot,リードルショット,44
2025-08-03,reedle shot,リードルショット,44
2025-08-10,reedle shot,リードルショット,38
2025-08-17,reedle shot,リードルショット,43
2025-08-24,reedle shot,リードルショット,43
2025-08-31,reedle shot,リードルショット,57
2025-09-07,reedle shot,リードルショット,51
2025-09-14,reedle shot,リードルショット,42
2025-09-21,reedle shot,リードルショット,33
2025-09-28,reedle shot,リードルショット,32
2025-10-05,reedle shot,リードルショット,42
2025-10-12,reedle shot,リードルショット,31
2025-10-19,reedle shot,リードルショット,32
2025-10-26,reedle shot,リードルショット,29
2025-11-02,reedle shot,リードルショット,36
2025-11-09,reedle shot,リードルショット,39
2025-11-16,reedle shot,リードルショット,42
2025-11-23,reedle shot,リードルショット,49
2025-11-30,reedle shot,リードルショット,43
2025-12-07,reedle shot,リードルショット,44
2025-12-14,reedle shot,リードルショット,57
2025-12-21,reedle shot,リードルショット,46
2025-12-28,reedle shot,リードルショット,44
2026-01-04,reedle shot,リードルショット,61
2026-01-11,reedle shot,リードルショット,43
2026-01-18,reedle shot,リードルショット,38
2026-01-25,reedle shot,リードルショット,36
2026-02-01,reedle shot,リードルショット,34
2026-02-08,reedle shot,リードルショット,28
2026-02-15,reedle shot,リードルショット,31
2026-02-22,reedle shot,リードルショット,43
2026-03-01,reedle shot,リードルショット,41
2026-03-08,reedle shot,リードルショット,46
2026-03-15,reedle shot,リードルショット,35
2026-03-22,reedle shot,リードルショット,36
2026-03-29,reedle shot,リードルショット,27
2026-04-05,reedle shot,リードルショット,37
2026-04-12,reedle shot,リードルショット,23
2026-04-19,reedle shot,リードルショット,33
2026-04-26,reedle shot,リードルショット,27
2026-05-03,reedle shot,リードルショット,27
2026-05-10,reedle shot,リードルショット,30
2026-05-17,reedle shot,リードルショット,27
2026-05-24,reedle shot,リードルショット,42
2026-05-31,reedle shot,リードルショット,38
2026-06-07,reedle shot,リードルショット,43
2026-06-14,reedle shot,リードルショット,48
2026-06-21,reedle shot,リードルショット,32
2026-06-28,reedle shot,リードルショット,23
2026-07-05,reedle shot,リードルショット,27
2026-07-12,reedle shot,リードルショット,29
2026-07-19,reedle shot,リードルショット,17
2026-07-26,reedle shot,リードルショット,23
2026-08-02,reedle shot,リードルショット,34
2026-08-09,reedle shot,リードルショット,51
2026-08-16,reedle shot,リードルショット,43
2026-08-23,reedle shot,リードルショット,43
2026-08-30,reedle shot,リードルショット,52
2026-09-06,reedle shot,リードルショット,45
2021-09-05,medicube,メディキューブ,5
2021-09-12,medicube,メディキューブ,2
2021-09-19,medicube,メディキューブ,4
2021-09-26,medicube,メディキューブ,3
2021-10-03,medicube,メディキューブ,3
2021-10-10,medicube,メディキューブ,0
2021-10-17,medicube,メディキューブ,0
2021-10-24,medicube,メディキューブ,2
2021-10-31,medicube,メディキューブ,3
2021-11-07,medicube,メディキューブ,2
2021-11-14,medicube,メディキューブ,3
2021-11-21,medicube,メディキューブ,4
2021-11-28,medicube,メディキューブ,0
2021-12-05,medicube,メディキューブ,5
2021-12-12,medicube,メディキューブ,5
2021-12-19,medicube,メディキューブ,0
2021-12-26,medicube,メディキューブ,4
2022-01-02,medicube,メディキューブ,4
2022-01-09,medicube,メディキューブ,3
2022-01-16,medicube,メディキューブ,4
2022-01-23,medicube,メディキューブ,4
2022-01-30,medicube,メディキューブ,5
2022-02-06,medicube,メディキューブ,4
2022-02-13,medicube,メディキューブ,5
2022-02-20,medicube,メディキューブ,4
2022-02-27,medicube,メディキューブ,3
2022-03-06,medicube,メディキューブ,4
2022-03-13,medicube,メディキューブ,2
2022-03-20,medicube,メディキューブ,3
2022-03-27,medicube,メディキューブ,2
2022-04-03,medicube,メディキューブ,3
2022-04-10,medicube,メディキューブ,3
2022-04-17,medicube,メディキューブ,6
2022-04-24,medicube,メディキューブ,6
2022-05-01,medicube,メディキューブ,5
2022-05-08,medicube,メディキューブ,5
2022-05-15,medicube,メディキューブ,6
2022-05-22,medicube,メディキューブ,8
2022-05-29,medicube,メディキューブ,10
2022-06-05,medicube,メディキューブ,7
2022-06-12,medicube,メディキューブ,6
2022-06-19,medicube,メディキューブ,7
2022-06-26,medicube,メディキューブ,4
2022-07-03,medicube,メディキューブ,6
2022-07-10,medicube,メディキューブ,6
2022-07-17,medicube,メディキューブ,6
2022-07-24,medicube,メディキューブ,5
2022-07-31,medicube,メディキューブ,6
2022-08-07,medicube,メディキューブ,4
2022-08-14,medicube,メディキューブ,7
2022-08-21,medicube,メディキューブ,8
2022-08-28,medicube,メディキューブ,8
2022-09-04,medicube,メディキューブ,6
2022-09-11,medicube,メディキューブ,6
2022-09-18,medicube,メディキューブ,4
2022-09-25,medicube,メディキューブ,0
2022-10-02,medicube,メディキューブ,3
2022-10-09,medicube,メディキューブ,2
2022-10-16,medicube,メディキューブ,4
2022-10-23,medicube,メディキューブ,3
2022-10-30,medicube,メディキューブ,4
2022-11-06,medicube,メディキューブ,4
2022-11-13,medicube,メディキューブ,7
2022-11-20,medicube,メディキューブ,5
2022-11-27,medicube,メディキューブ,6
2022-12-04,medicube,メディキューブ,4
2022-12-11,medicube,メディキューブ,4
2022-12-18,medicube,メディキューブ,4
2022-12-25,medicube,メディキューブ,4
2023-01-01,medicube,メディキューブ,5
2023-01-08,medicube,メディキューブ,6
2023-01-15,medicube,メディキューブ,5
2023-01-22,medicube,メディキューブ,6
2023-01-29,medicube,メディキューブ,5
2023-02-05,medicube,メディキューブ,4
2023-02-12,medicube,メディキューブ,4
2023-02-19,medicube,メディキューブ,6
2023-02-26,medicube,メディキューブ,9
2023-03-05,medicube,メディキューブ,9
2023-03-12,medicube,メディキューブ,6
2023-03-19,medicube,メディキューブ,5
2023-03-26,medicube,メディキューブ,5
2023-04-02,medicube,メディキューブ,3
2023-04-09,medicube,メディキューブ,6
2023-04-16,medicube,メディキューブ,4
2023-04-23,medicube,メディキューブ,4
2023-04-30,medicube,メディキューブ,6
2023-05-07,medicube,メディキューブ,7
2023-05-14,medicube,メディキューブ,8
2023-05-21,medicube,メディキューブ,5
2023-05-28,medicube,メディキューブ,8
2023-06-04,medicube,メディキューブ,8
2023-06-11,medicube,メディキューブ,8
2023-06-18,medicube,メディキューブ,8
2023-06-25,medicube,メディキューブ,7
2023-07-02,medicube,メディキューブ,6
2023-07-09,medicube,メディキューブ,4
2023-07-16,medicube,メディキューブ,3
2023-07-23,medicube,メディキューブ,6
2023-07-30,medicube,メディキューブ,3
2023-08-06,medicube,メディキューブ,6
2023-08-13,medicube,メディキューブ,8
2023-08-20,medicube,メディキューブ,6
2023-08-27,medicube,メディキューブ,7
2023-09-03,medicube,メディキューブ,8
2023-09-10,medicube,メディキューブ,6
2023-09-17,medicube,メディキューブ,3
2023-09-24,medicube,メディキューブ,4
2023-10-01,medicube,メディキューブ,6
2023-10-08,medicube,メディキューブ,4
2023-10-15,medicube,メディキューブ,6
2023-10-22,medicube,メディキューブ,4
2023-10-29,medicube,メディキューブ,4
2023-11-05,medicube,メディキューブ,5
2023-11-12,medicube,メディキューブ,5
2023-11-19,medicube,メディキューブ,9
2023-11-26,medicube,メディキューブ,7
2023-12-03,medicube,メディキューブ,5
2023-12-10,medicube,メディキューブ,6
2023-12-17,medicube,メディキューブ,5
2023-12-24,medicube,メディキューブ,5
2023-12-31,medicube,メディキューブ,5
2024-01-07,medicube,メディキューブ,9
2024-01-14,medicube,メディキューブ,8
2024-01-21,medicube,メディキューブ,6
2024-01-28,medicube,メディキューブ,6
2024-02-04,medicube,メディキューブ,6
2024-02-11,medicube,メディキューブ,5
2024-02-18,medicube,メディキューブ,7
2024-02-25,medicube,メディキューブ,11
2024-03-03,medicube,メディキューブ,11
2024-03-10,medicube,メディキューブ,9
2024-03-17,medicube,メディキューブ,6
2024-03-24,medicube,メディキューブ,3
2024-03-31,medicube,メディキューブ,6
2024-04-07,medicube,メディキューブ,5
2024-04-14,medicube,メディキューブ,5
2024-04-21,medicube,メディキューブ,6
2024-04-28,medicube,メディキューブ,7
2024-05-05,medicube,メディキューブ,8
2024-05-12,medicube,メディキューブ,7
2024-05-19,medicube,メディキューブ,5
2024-05-26,medicube,メディキューブ,13
2024-06-02,medicube,メディキューブ,11
2024-06-09,medicube,メディキューブ,9
2024-06-16,medicube,メディキューブ,6
2024-06-23,medicube,メディキューブ,8
2024-06-30,medicube,メディキューブ,7
2024-07-07,medicube,メディキューブ,8
2024-07-14,medicube,メディキューブ,10
2024-07-21,medicube,メディキューブ,10
2024-07-28,medicube,メディキューブ,11
2024-08-04,medicube,メディキューブ,6
2024-08-11,medicube,メディキューブ,6
2024-08-18,medicube,メディキューブ,8
2024-08-25,medicube,メディキューブ,15
2024-09-01,medicube,メディキューブ,28
2024-09-08,medicube,メディキューブ,19
2024-09-15,medicube,メディキューブ,11
2024-09-22,medicube,メディキューブ,12
2024-09-29,medicube,メディキューブ,12
2024-10-06,medicube,メディキューブ,11
2024-10-13,medicube,メディキューブ,12
2024-10-20,medicube,メディキューブ,11
2024-10-27,medicube,メディキューブ,9
2024-11-03,medicube,メディキューブ,8
2024-11-10,medicube,メディキューブ,16
2024-11-17,medicube,メディキューブ,20
2024-11-24,medicube,メディキューブ,19
2024-12-01,medicube,メディキューブ,17
2024-12-08,medicube,メディキューブ,13
2024-12-15,medicube,メディキューブ,15
2024-12-22,medicube,メディキューブ,16
2024-12-29,medicube,メディキューブ,16
2025-01-05,medicube,メディキューブ,15
2025-01-12,medicube,メディキューブ,11
2025-01-19,medicube,メディキューブ,10
2025-01-26,medicube,メディキューブ,15
2025-02-02,medicube,メディキューブ,17
2025-02-09,medicube,メディキューブ,18
2025-02-16,medicube,メディキューブ,14
2025-02-23,medicube,メディキューブ,42
2025-03-02,medicube,メディキューブ,48
2025-03-09,medicube,メディキューブ,46
2025-03-16,medicube,メディキューブ,35
2025-03-23,medicube,メディキューブ,31
2025-03-30,medicube,メディキューブ,32
2025-04-06,medicube,メディキューブ,27
2025-04-13,medicube,メディキューブ,39
2025-04-20,medicube,メディキューブ,23
2025-04-27,medicube,メディキューブ,20
2025-05-04,medicube,メディキューブ,29
2025-05-11,medicube,メディキューブ,37
2025-05-18,medicube,メディキューブ,27
2025-05-25,medicube,メディキューブ,64
2025-06-01,medicube,メディキューブ,64
2025-06-08,medicube,メディキューブ,68
2025-06-15,medicube,メディキューブ,49
2025-06-22,medicube,メディキューブ,33
2025-06-29,medicube,メディキューブ,33
2025-07-06,medicube,メディキューブ,35
2025-07-13,medicube,メディキューブ,31
2025-07-20,medicube,メディキューブ,27
2025-07-27,medicube,メディキューブ,33
2025-08-03,medicube,メディキューブ,49
2025-08-10,medicube,メディキューブ,45
2025-08-17,medicube,メディキューブ,36
2025-08-24,medicube,メディキューブ,70
2025-08-31,medicube,メディキューブ,100
2025-09-07,medicube,メディキューブ,85
2025-09-14,medicube,メディキューブ,77
2025-09-21,medicube,メディキューブ,50
2025-09-28,medicube,メディキューブ,47
2025-10-05,medicube,メディキューブ,48
2025-10-12,medicube,メディキューブ,37
2025-10-19,medicube,メディキューブ,46
2025-10-26,medicube,メディキューブ,49
2025-11-02,medicube,メディキューブ,49
2025-11-09,medicube,メディキューブ,52
2025-11-16,medicube,メディキューブ,89
2025-11-23,medicube,メディキューブ,99
2025-11-30,medicube,メディキューブ,84
2025-12-07,medicube,メディキューブ,71
2025-12-14,medicube,メディキューブ,76
2025-12-21,medicube,メディキューブ,60
2025-12-28,medicube,メディキューブ,81
2026-01-04,medicube,メディキューブ,71
2026-01-11,medicube,メディキューブ,66
2026-01-18,medicube,メディキューブ,51
2026-01-25,medicube,メディキューブ,59
2026-02-01,medicube,メディキューブ,45
2026-02-08,medicube,メディキューブ,44
2026-02-15,medicube,メディキューブ,45
2026-02-22,medicube,メディキューブ,88
2026-03-01,medicube,メディキューブ,80
2026-03-08,medicube,メディキューブ,79
2026-03-15,medicube,メディキューブ,60
2026-03-22,medicube,メディキューブ,60
2026-03-29,medicube,メディキューブ,53
2026-04-05,medicube,メディキューブ,51
2026-04-12,medicube,メディキューブ,45
2026-04-19,medicube,メディキューブ,38
2026-04-26,medicube,メディキューブ,47
2026-05-03,medicube,メディキューブ,58
2026-05-10,medicube,メディキューブ,49
2026-05-17,medicube,メディキューブ,45
2026-05-24,medicube,メディキューブ,63
2026-05-31,medicube,メディキューブ,70
2026-06-07,medicube,メディキューブ,71
2026-06-14,medicube,メディキューブ,48
2026-06-21,medicube,メディキューブ,40
2026-06-28,medicube,メディキューブ,37
2026-07-05,medicube,メディキューブ,40
2026-07-12,medicube,メディキューブ,36
2026-07-19,medicube,メディキューブ,43
2026-07-26,medicube,メディキューブ,38
2026-08-02,medicube,メディキューブ,53
2026-08-09,medicube,メディキューブ,45
2026-08-16,medicube,メディキューブ,56
2026-08-23,medicube,メディキューブ,84
2026-08-30,medicube,メディキューブ,92
2026-09-06,medicube,メディキューブ,81
2021-09-05,anua,アヌア,3
2021-09-12,anua,アヌア,3
2021-09-19,anua,アヌア,2
2021-09-26,anua,アヌア,2
2021-10-03,anua,アヌア,2
2021-10-10,anua,アヌア,0
2021-10-17,anua,アヌア,0
2021-10-24,anua,アヌア,0
2021-10-31,anua,アヌア,2
2021-11-07,anua,アヌア,0
2021-11-14,anua,アヌア,3
2021-11-21,anua,アヌア,2
2021-11-28,anua,アヌア,2
2021-12-05,anua,アヌア,2
2021-12-12,anua,アヌア,2
2021-12-19,anua,アヌア,1
2021-12-26,anua,アヌア,0
2022-01-02,anua,アヌア,3
2022-01-09,anua,アヌア,3
2022-01-16,anua,アヌア,2
2022-01-23,anua,アヌア,4
2022-01-30,anua,アヌア,3
2022-02-06,anua,アヌア,3
2022-02-13,anua,アヌア,2
2022-02-20,anua,アヌア,5
2022-02-27,anua,アヌア,6
2022-03-06,anua,アヌア,3
2022-03-13,anua,アヌア,3
2022-03-20,anua,アヌア,4
2022-03-27,anua,アヌア,4
2022-04-03,anua,アヌア,3
2022-04-10,anua,アヌア,3
2022-04-17,anua,アヌア,2
2022-04-24,anua,アヌア,3
2022-05-01,anua,アヌア,2
2022-05-08,anua,アヌア,2
2022-05-15,anua,アヌア,4
2022-05-22,anua,アヌア,8
2022-05-29,anua,アヌア,7
2022-06-05,anua,アヌア,6
2022-06-12,anua,アヌア,4
2022-06-19,anua,アヌア,4
2022-06-26,anua,アヌア,2
2022-07-03,anua,アヌア,4
2022-07-10,anua,アヌア,2
2022-07-17,anua,アヌア,3
2022-07-24,anua,アヌア,3
2022-07-31,anua,アヌア,3
2022-08-07,anua,アヌア,3
2022-08-14,anua,アヌア,4
2022-08-21,anua,アヌア,8
2022-08-28,anua,アヌア,5
2022-09-04,anua,アヌア,6
2022-09-11,anua,アヌア,5
2022-09-18,anua,アヌア,3
2022-09-25,anua,アヌア,9
2022-10-02,anua,アヌア,9
2022-10-09,anua,アヌア,7
2022-10-16,anua,アヌア,8
2022-10-23,anua,アヌア,5
2022-10-30,anua,アヌア,7
2022-11-06,anua,アヌア,5
2022-11-13,anua,アヌア,14
2022-11-20,anua,アヌア,12
2022-11-27,anua,アヌア,10
2022-12-04,anua,アヌア,9
2022-12-11,anua,アヌア,8
2022-12-18,anua,アヌア,7
2022-12-25,anua,アヌア,6
2023-01-01,anua,アヌア,8
2023-01-08,anua,アヌア,8
2023-01-15,anua,アヌア,6
2023-01-22,anua,アヌア,7
2023-01-29,anua,アヌア,6
2023-02-05,anua,アヌア,5
2023-02-12,anua,アヌア,5
2023-02-19,anua,アヌア,7
2023-02-26,anua,アヌア,14
2023-03-05,anua,アヌア,14
2023-03-12,anua,アヌア,10
2023-03-19,anua,アヌア,7
2023-03-26,anua,アヌア,7
2023-04-02,anua,アヌア,7
2023-04-09,anua,アヌア,5
2023-04-16,anua,アヌア,7
2023-04-23,anua,アヌア,8
2023-04-30,anua,アヌア,8
2023-05-07,anua,アヌア,7
2023-05-14,anua,アヌア,10
2023-05-21,anua,アヌア,9
2023-05-28,anua,アヌア,14
2023-06-04,anua,アヌア,17
2023-06-11,anua,アヌア,12
2023-06-18,anua,アヌア,12
2023-06-25,anua,アヌア,11
2023-07-02,anua,アヌア,9
2023-07-09,anua,アヌア,8
2023-07-16,anua,アヌア,10
2023-07-23,anua,アヌア,9
2023-07-30,anua,アヌア,11
2023-08-06,anua,アヌア,11
2023-08-13,anua,アヌア,9
2023-08-20,anua,アヌア,10
2023-08-27,anua,アヌア,17
2023-09-03,anua,アヌア,19
2023-09-10,anua,アヌア,15
2023-09-17,anua,アヌア,12
2023-09-24,anua,アヌア,10
2023-10-01,anua,アヌア,11
2023-10-08,anua,アヌア,11
2023-10-15,anua,アヌア,10
2023-10-22,anua,アヌア,10
2023-10-29,anua,アヌア,10
2023-11-05,anua,アヌア,13
2023-11-12,anua,アヌア,11
2023-11-19,anua,アヌア,18
2023-11-26,anua,アヌア,20
2023-12-03,anua,アヌア,13
2023-12-10,anua,アヌア,16
2023-12-17,anua,アヌア,14
2023-12-24,anua,アヌア,17
2023-12-31,anua,アヌア,15
2024-01-07,anua,アヌア,18
2024-01-14,anua,アヌア,18
2024-01-21,anua,アヌア,18
2024-01-28,anua,アヌア,20
2024-02-04,anua,アヌア,17
2024-02-11,anua,アヌア,16
2024-02-18,anua,アヌア,15
2024-02-25,anua,アヌア,29
2024-03-03,anua,アヌア,29
2024-03-10,anua,アヌア,28
2024-03-17,anua,アヌア,21
2024-03-24,anua,アヌア,19
2024-03-31,anua,アヌア,16
2024-04-07,anua,アヌア,16
2024-04-14,anua,アヌア,16
2024-04-21,anua,アヌア,12
2024-04-28,anua,アヌア,16
2024-05-05,anua,アヌア,17
2024-05-12,anua,アヌア,16
2024-05-19,anua,アヌア,18
2024-05-26,anua,アヌア,29
2024-06-02,anua,アヌア,36
2024-06-09,anua,アヌア,27
2024-06-16,anua,アヌア,24
2024-06-23,anua,アヌア,21
2024-06-30,anua,アヌア,17
2024-07-07,anua,アヌア,21
2024-07-14,anua,アヌア,27
2024-07-21,anua,アヌア,20
2024-07-28,anua,アヌア,23
2024-08-04,anua,アヌア,19
2024-08-11,anua,アヌア,20
2024-08-18,anua,アヌア,24
2024-08-25,anua,アヌア,36
2024-09-01,anua,アヌア,54
2024-09-08,anua,アヌア,48
2024-09-15,anua,アヌア,32
2024-09-22,anua,アヌア,26
2024-09-29,anua,アヌア,31
2024-10-06,anua,アヌア,29
2024-10-13,anua,アヌア,31
2024-10-20,anua,アヌア,30
2024-10-27,anua,アヌア,27
2024-11-03,anua,アヌア,32
2024-11-10,anua,アヌア,53
2024-11-17,anua,アヌア,57
2024-11-24,anua,アヌア,55
2024-12-01,anua,アヌア,45
2024-12-08,anua,アヌア,33
2024-12-15,anua,アヌア,36
2024-12-22,anua,アヌア,35
2024-12-29,anua,アヌア,44
2025-01-05,anua,アヌア,40
2025-01-12,anua,アヌア,41
2025-01-19,anua,アヌア,40
2025-01-26,anua,アヌア,40
2025-02-02,anua,アヌア,45
2025-02-09,anua,アヌア,40
2025-02-16,anua,アヌア,45
2025-02-23,anua,アヌア,61
2025-03-02,anua,アヌア,70
2025-03-09,anua,アヌア,60
2025-03-16,anua,アヌア,52
2025-03-23,anua,アヌア,45
2025-03-30,anua,アヌア,49
2025-04-06,anua,アヌア,44
2025-04-13,anua,アヌア,38
2025-04-20,anua,アヌア,37
2025-04-27,anua,アヌア,43
2025-05-04,anua,アヌア,40
2025-05-11,anua,アヌア,40
2025-05-18,anua,アヌア,37
2025-05-25,anua,アヌア,59
2025-06-01,anua,アヌア,80
2025-06-08,anua,アヌア,58
2025-06-15,anua,アヌア,45
2025-06-22,anua,アヌア,34
2025-06-29,anua,アヌア,37
2025-07-06,anua,アヌア,42
2025-07-13,anua,アヌア,40
2025-07-20,anua,アヌア,41
2025-07-27,anua,アヌア,41
2025-08-03,anua,アヌア,46
2025-08-10,anua,アヌア,48
2025-08-17,anua,アヌア,41
2025-08-24,anua,アヌア,50
2025-08-31,anua,アヌア,85
2025-09-07,anua,アヌア,71
2025-09-14,anua,アヌア,53
2025-09-21,anua,アヌア,48
2025-09-28,anua,アヌア,45
2025-10-05,anua,アヌア,44
2025-10-12,anua,アヌア,42
2025-10-19,anua,アヌア,42
2025-10-26,anua,アヌア,46
2025-11-02,anua,アヌア,49
2025-11-09,anua,アヌア,47
2025-11-16,anua,アヌア,72
2025-11-23,anua,アヌア,84
2025-11-30,anua,アヌア,70
2025-12-07,anua,アヌア,56
2025-12-14,anua,アヌア,50
2025-12-21,anua,アヌア,50
2025-12-28,anua,アヌア,60
2026-01-04,anua,アヌア,65
2026-01-11,anua,アヌア,61
2026-01-18,anua,アヌア,61
2026-01-25,anua,アヌア,60
2026-02-01,anua,アヌア,56
2026-02-08,anua,アヌア,56
2026-02-15,anua,アヌア,58
2026-02-22,anua,アヌア,91
2026-03-01,anua,アヌア,98
2026-03-08,anua,アヌア,81
2026-03-15,anua,アヌア,61
2026-03-22,anua,アヌア,55
2026-03-29,anua,アヌア,56
2026-04-05,anua,アヌア,51
2026-04-12,anua,アヌア,47
2026-04-19,anua,アヌア,49
2026-04-26,anua,アヌア,57
2026-05-03,anua,アヌア,60
2026-05-10,anua,アヌア,57
2026-05-17,anua,アヌア,59
2026-05-24,anua,アヌア,81
2026-05-31,anua,アヌア,84
2026-06-07,anua,アヌア,74
2026-06-14,anua,アヌア,55
2026-06-21,anua,アヌア,46
2026-06-28,anua,アヌア,46
2026-07-05,anua,アヌア,60
2026-07-12,anua,アヌア,52
2026-07-19,anua,アヌア,50
2026-07-26,anua,アヌア,53
2026-08-02,anua,アヌア,51
2026-08-09,anua,アヌア,56
2026-08-16,anua,アヌア,56
2026-08-23,anua,アヌア,85
2026-08-30,anua,アヌア,100
2026-09-06,anua,アヌア,90
2021-09-05,cosrx,コスアールエックス,0
2021-09-12,cosrx,コスアールエックス,0
2021-09-19,cosrx,コスアールエックス,0
2021-09-26,cosrx,コスアールエックス,0
2021-10-03,cosrx,コスアールエックス,0
2021-10-10,cosrx,コスアールエックス,0
2021-10-17,cosrx,コスアールエックス,0
2021-10-24,cosrx,コスアールエックス,0
2021-10-31,cosrx,コスアールエックス,0
2021-11-07,cosrx,コスアールエックス,0
2021-11-14,cosrx,コスアールエックス,0
2021-11-21,cosrx,コスアールエックス,0
2021-11-28,cosrx,コスアールエックス,0
2021-12-05,cosrx,コスアールエックス,0
2021-12-12,cosrx,コスアールエックス,0
2021-12-19,cosrx,コスアールエックス,0
2021-12-26,cosrx,コスアールエックス,0
2022-01-02,cosrx,コスアールエックス,0
2022-01-09,cosrx,コスアールエックス,0
2022-01-16,cosrx,コスアールエックス,0
2022-01-23,cosrx,コスアールエックス,0
2022-01-30,cosrx,コスアールエックス,0
2022-02-06,cosrx,コスアールエックス,0
2022-02-13,cosrx,コスアールエックス,0
2022-02-20,cosrx,コスアールエックス,0
2022-02-27,cosrx,コスアールエックス,0
2022-03-06,cosrx,コスアールエックス,0
2022-03-13,cosrx,コスアールエックス,0
2022-03-20,cosrx,コスアールエックス,0
2022-03-27,cosrx,コスアールエックス,0
2022-04-03,cosrx,コスアールエックス,0
2022-04-10,cosrx,コスアールエックス,0
2022-04-17,cosrx,コスアールエックス,0
2022-04-24,cosrx,コスアールエックス,0
2022-05-01,cosrx,コスアールエックス,0
2022-05-08,cosrx,コスアールエックス,0
2022-05-15,cosrx,コスアールエックス,0
2022-05-22,cosrx,コスアールエックス,0
2022-05-29,cosrx,コスアールエックス,0
2022-06-05,cosrx,コスアールエックス,0
2022-06-12,cosrx,コスアールエックス,0
2022-06-19,cosrx,コスアールエックス,0
2022-06-26,cosrx,コスアールエックス,0
2022-07-03,cosrx,コスアールエックス,0
2022-07-10,cosrx,コスアールエックス,0
2022-07-17,cosrx,コスアールエックス,0
2022-07-24,cosrx,コスアールエックス,0
2022-07-31,cosrx,コスアールエックス,0
2022-08-07,cosrx,コスアールエックス,0
2022-08-14,cosrx,コスアールエックス,0
2022-08-21,cosrx,コスアールエックス,0
2022-08-28,cosrx,コスアールエックス,0
2022-09-04,cosrx,コスアールエックス,0
2022-09-11,cosrx,コスアールエックス,0
2022-09-18,cosrx,コスアールエックス,0
2022-09-25,cosrx,コスアールエックス,0
2022-10-02,cosrx,コスアールエックス,0
2022-10-09,cosrx,コスアールエックス,0
2022-10-16,cosrx,コスアールエックス,0
2022-10-23,cosrx,コスアールエックス,0
2022-10-30,cosrx,コスアールエックス,0
2022-11-06,cosrx,コスアールエックス,0
2022-11-13,cosrx,コスアールエックス,0
2022-11-20,cosrx,コスアールエックス,38
2022-11-27,cosrx,コスアールエックス,0
2022-12-04,cosrx,コスアールエックス,39
2022-12-11,cosrx,コスアールエックス,0
2022-12-18,cosrx,コスアールエックス,0
2022-12-25,cosrx,コスアールエックス,51
2023-01-01,cosrx,コスアールエックス,38
2023-01-08,cosrx,コスアールエックス,0
2023-01-15,cosrx,コスアールエックス,48
2023-01-22,cosrx,コスアールエックス,41
2023-01-29,cosrx,コスアールエックス,51
2023-02-05,cosrx,コスアールエックス,0
2023-02-12,cosrx,コスアールエックス,53
2023-02-19,cosrx,コスアールエックス,0
2023-02-26,cosrx,コスアールエックス,57
2023-03-05,cosrx,コスアールエックス,96
2023-03-12,cosrx,コスアールエックス,53
2023-03-19,cosrx,コスアールエックス,53
2023-03-26,cosrx,コスアールエックス,60
2023-04-02,cosrx,コスアールエックス,0
2023-04-09,cosrx,コスアールエックス,0
2023-04-16,cosrx,コスアールエックス,0
2023-04-23,cosrx,コスアールエックス,0
2023-04-30,cosrx,コスアールエックス,0
2023-05-07,cosrx,コスアールエックス,67
2023-05-14,cosrx,コスアールエックス,37
2023-05-21,cosrx,コスアールエックス,42
2023-05-28,cosrx,コスアールエックス,47
2023-06-04,cosrx,コスアールエックス,0
2023-06-11,cosrx,コスアールエックス,60
2023-06-18,cosrx,コスアールエックス,49
2023-06-25,cosrx,コスアールエックス,41
2023-07-02,cosrx,コスアールエックス,52
2023-07-09,cosrx,コスアールエックス,0
2023-07-16,cosrx,コスアールエックス,0
2023-07-23,cosrx,コスアールエックス,42
2023-07-30,cosrx,コスアールエックス,0
2023-08-06,cosrx,コスアールエックス,53
2023-08-13,cosrx,コスアールエックス,0
2023-08-20,cosrx,コスアールエックス,0
2023-08-27,cosrx,コスアールエックス,52
2023-09-03,cosrx,コスアールエックス,73
2023-09-10,cosrx,コスアールエックス,43
2023-09-17,cosrx,コスアールエックス,0
2023-09-24,cosrx,コスアールエックス,52
2023-10-01,cosrx,コスアールエックス,78
2023-10-08,cosrx,コスアールエックス,0
2023-10-15,cosrx,コスアールエックス,45
2023-10-22,cosrx,コスアールエックス,48
2023-10-29,cosrx,コスアールエックス,0
2023-11-05,cosrx,コスアールエックス,0
2023-11-12,cosrx,コスアールエックス,0
2023-11-19,cosrx,コスアールエックス,79
2023-11-26,cosrx,コスアールエックス,42
2023-12-03,cosrx,コスアールエックス,59
2023-12-10,cosrx,コスアールエックス,45
2023-12-17,cosrx,コスアールエックス,0
2023-12-24,cosrx,コスアールエックス,51
2023-12-31,cosrx,コスアールエックス,58
2024-01-07,cosrx,コスアールエックス,0
2024-01-14,cosrx,コスアールエックス,0
2024-01-21,cosrx,コスアールエックス,65
2024-01-28,cosrx,コスアールエックス,49
2024-02-04,cosrx,コスアールエックス,0
2024-02-11,cosrx,コスアールエックス,63
2024-02-18,cosrx,コスアールエックス,0
2024-02-25,cosrx,コスアールエックス,0
2024-03-03,cosrx,コスアールエックス,79
2024-03-10,cosrx,コスアールエックス,54
2024-03-17,cosrx,コスアールエックス,0
2024-03-24,cosrx,コスアールエックス,53
2024-03-31,cosrx,コスアールエックス,0
2024-04-07,cosrx,コスアールエックス,0
2024-04-14,cosrx,コスアールエックス,0
2024-04-21,cosrx,コスアールエックス,0
2024-04-28,cosrx,コスアールエックス,0
2024-05-05,cosrx,コスアールエックス,0
2024-05-12,cosrx,コスアールエックス,0
2024-05-19,cosrx,コスアールエックス,0
2024-05-26,cosrx,コスアールエックス,60
2024-06-02,cosrx,コスアールエックス,87
2024-06-09,cosrx,コスアールエックス,0
2024-06-16,cosrx,コスアールエックス,0
2024-06-23,cosrx,コスアールエックス,0
2024-06-30,cosrx,コスアールエックス,0
2024-07-07,cosrx,コスアールエックス,57
2024-07-14,cosrx,コスアールエックス,0
2024-07-21,cosrx,コスアールエックス,0
2024-07-28,cosrx,コスアールエックス,0
2024-08-04,cosrx,コスアールエックス,0
2024-08-11,cosrx,コスアールエックス,0
2024-08-18,cosrx,コスアールエックス,100
2024-08-25,cosrx,コスアールエックス,46
2024-09-01,cosrx,コスアールエックス,67
2024-09-08,cosrx,コスアールエックス,49
2024-09-15,cosrx,コスアールエックス,0
2024-09-22,cosrx,コスアールエックス,0
2024-09-29,cosrx,コスアールエックス,0
2024-10-06,cosrx,コスアールエックス,0
2024-10-13,cosrx,コスアールエックス,0
2024-10-20,cosrx,コスアールエックス,0
2024-10-27,cosrx,コスアールエックス,0
2024-11-03,cosrx,コスアールエックス,0
2024-11-10,cosrx,コスアールエックス,50
2024-11-17,cosrx,コスアールエックス,0
2024-11-24,cosrx,コスアールエックス,0
2024-12-01,cosrx,コスアールエックス,0
2024-12-08,cosrx,コスアールエックス,0
2024-12-15,cosrx,コスアールエックス,0
2024-12-22,cosrx,コスアールエックス,0
2024-12-29,cosrx,コスアールエックス,0
2025-01-05,cosrx,コスアールエックス,46
2025-01-12,cosrx,コスアールエックス,0
2025-01-19,cosrx,コスアールエックス,0
2025-01-26,cosrx,コスアールエックス,0
2025-02-02,cosrx,コスアールエックス,0
2025-02-09,cosrx,コスアールエックス,0
2025-02-16,cosrx,コスアールエックス,0
2025-02-23,cosrx,コスアールエックス,46
2025-03-02,cosrx,コスアールエックス,0
2025-03-09,cosrx,コスアールエックス,55
2025-03-16,cosrx,コスアールエックス,0
2025-03-23,cosrx,コスアールエックス,0
2025-03-30,cosrx,コスアールエックス,0
2025-04-06,cosrx,コスアールエックス,0
2025-04-13,cosrx,コスアールエックス,0
2025-04-20,cosrx,コスアールエックス,0
2025-04-27,cosrx,コスアールエックス,0
2025-05-04,cosrx,コスアールエックス,0
2025-05-11,cosrx,コスアールエックス,0
2025-05-18,cosrx,コスアールエックス,0
2025-05-25,cosrx,コスアールエックス,0
2025-06-01,cosrx,コスアールエックス,46
2025-06-08,cosrx,コスアールエックス,0
2025-06-15,cosrx,コスアールエックス,0
2025-06-22,cosrx,コスアールエックス,0
2025-06-29,cosrx,コスアールエックス,0
2025-07-06,cosrx,コスアールエックス,0
2025-07-13,cosrx,コスアールエックス,0
2025-07-20,cosrx,コスアールエックス,0
2025-07-27,cosrx,コスアールエックス,0
2025-08-03,cosrx,コスアールエックス,0
2025-08-10,cosrx,コスアールエックス,0
2025-08-17,cosrx,コスアールエックス,0
2025-08-24,cosrx,コスアールエックス,0
2025-08-31,cosrx,コスアールエックス,0
2025-09-07,cosrx,コスアールエックス,0
2025-09-14,cosrx,コスアールエックス,50
2025-09-21,cosrx,コスアールエックス,0
2025-09-28,cosrx,コスアールエックス,0
2025-10-05,cosrx,コスアールエックス,0
2025-10-12,cosrx,コスアールエックス,0
2025-10-19,cosrx,コスアールエックス,0
2025-10-26,cosrx,コスアールエックス,0
2025-11-02,cosrx,コスアールエックス,0
2025-11-09,cosrx,コスアールエックス,0
2025-11-16,cosrx,コスアールエックス,0
2025-11-23,cosrx,コスアールエックス,65
2025-11-30,cosrx,コスアールエックス,0
2025-12-07,cosrx,コスアールエックス,0
2025-12-14,cosrx,コスアールエックス,0
2025-12-21,cosrx,コスアールエックス,0
2025-12-28,cosrx,コスアールエックス,0
2026-01-04,cosrx,コスアールエックス,0
2026-01-11,cosrx,コスアールエックス,0
2026-01-18,cosrx,コスアールエックス,0
2026-01-25,cosrx,コスアールエックス,0
2026-02-01,cosrx,コスアールエックス,47
2026-02-08,cosrx,コスアールエックス,0
2026-02-15,cosrx,コスアールエックス,0
2026-02-22,cosrx,コスアールエックス,0
2026-03-01,cosrx,コスアールエックス,0
2026-03-08,cosrx,コスアールエックス,55
2026-03-15,cosrx,コスアールエックス,0
2026-03-22,cosrx,コスアールエックス,0
2026-03-29,cosrx,コスアールエックス,0
2026-04-05,cosrx,コスアールエックス,0
2026-04-12,cosrx,コスアールエックス,0
2026-04-19,cosrx,コスアールエックス,0
2026-04-26,cosrx,コスアールエックス,0
2026-05-03,cosrx,コスアールエックス,0
2026-05-10,cosrx,コスアールエックス,0
2026-05-17,cosrx,コスアールエックス,0
2026-05-24,cosrx,コスアールエックス,0
2026-05-31,cosrx,コスアールエックス,41
2026-06-07,cosrx,コスアールエックス,0
2026-06-14,cosrx,コスアールエックス,0
2026-06-21,cosrx,コスアールエックス,0
2026-06-28,cosrx,コスアールエックス,0
2026-07-05,cosrx,コスアールエックス,0
2026-07-12,cosrx,コスアールエックス,0
2026-07-19,cosrx,コスアールエックス,0
2026-07-26,cosrx,コスアールエックス,0
2026-08-02,cosrx,コスアールエックス,0
2026-08-09,cosrx,コスアールエックス,48
2026-08-16,cosrx,コスアールエックス,0
2026-08-23,cosrx,コスアールエックス,19
2026-08-30,cosrx,コスアールエックス,42
2026-09-06,cosrx,コスアールエックス,40
2021-09-05,tirtir,ティルティル,0
2021-09-12,tirtir,ティルティル,0
2021-09-19,tirtir,ティルティル,0
2021-09-26,tirtir,ティルティル,0
2021-10-03,tirtir,ティルティル,5
2021-10-10,tirtir,ティルティル,0
2021-10-17,tirtir,ティルティル,5
2021-10-24,tirtir,ティルティル,5
2021-10-31,tirtir,ティルティル,4
2021-11-07,tirtir,ティルティル,0
2021-11-14,tirtir,ティルティル,8
2021-11-21,tirtir,ティルティル,8
2021-11-28,tirtir,ティルティル,5
2021-12-05,tirtir,ティルティル,4
2021-12-12,tirtir,ティルティル,5
2021-12-19,tirtir,ティルティル,7
2021-12-26,tirtir,ティルティル,7
2022-01-02,tirtir,ティルティル,11
2022-01-09,tirtir,ティルティル,8
2022-01-16,tirtir,ティルティル,9
2022-01-23,tirtir,ティルティル,12
2022-01-30,tirtir,ティルティル,15
2022-02-06,tirtir,ティルティル,15
2022-02-13,tirtir,ティルティル,13
2022-02-20,tirtir,ティルティル,28
2022-02-27,tirtir,ティルティル,46
2022-03-06,tirtir,ティルティル,22
2022-03-13,tirtir,ティルティル,24
2022-03-20,tirtir,ティルティル,23
2022-03-27,tirtir,ティルティル,22
2022-04-03,tirtir,ティルティル,19
2022-04-10,tirtir,ティルティル,20
2022-04-17,tirtir,ティルティル,17
2022-04-24,tirtir,ティルティル,23
2022-05-01,tirtir,ティルティル,27
2022-05-08,tirtir,ティルティル,24
2022-05-15,tirtir,ティルティル,28
2022-05-22,tirtir,ティルティル,58
2022-05-29,tirtir,ティルティル,62
2022-06-05,tirtir,ティルティル,46
2022-06-12,tirtir,ティルティル,43
2022-06-19,tirtir,ティルティル,39
2022-06-26,tirtir,ティルティル,41
2022-07-03,tirtir,ティルティル,40
2022-07-10,tirtir,ティルティル,46
2022-07-17,tirtir,ティルティル,35
2022-07-24,tirtir,ティルティル,32
2022-07-31,tirtir,ティルティル,41
2022-08-07,tirtir,ティルティル,42
2022-08-14,tirtir,ティルティル,35
2022-08-21,tirtir,ティルティル,85
2022-08-28,tirtir,ティルティル,78
2022-09-04,tirtir,ティルティル,60
2022-09-11,tirtir,ティルティル,41
2022-09-18,tirtir,ティルティル,43
2022-09-25,tirtir,ティルティル,41
2022-10-02,tirtir,ティルティル,43
2022-10-09,tirtir,ティルティル,43
2022-10-16,tirtir,ティルティル,38
2022-10-23,tirtir,ティルティル,45
2022-10-30,tirtir,ティルティル,58
2022-11-06,tirtir,ティルティル,50
2022-11-13,tirtir,ティルティル,77
2022-11-20,tirtir,ティルティル,80
2022-11-27,tirtir,ティルティル,66
2022-12-04,tirtir,ティルティル,56
2022-12-11,tirtir,ティルティル,59
2022-12-18,tirtir,ティルティル,48
2022-12-25,tirtir,ティルティル,55
2023-01-01,tirtir,ティルティル,62
2023-01-08,tirtir,ティルティル,52
2023-01-15,tirtir,ティルティル,56
2023-01-22,tirtir,ティルティル,63
2023-01-29,tirtir,ティルティル,70
2023-02-05,tirtir,ティルティル,60
2023-02-12,tirtir,ティルティル,53
2023-02-19,tirtir,ティルティル,63
2023-02-26,tirtir,ティルティル,93
2023-03-05,tirtir,ティルティル,93
2023-03-12,tirtir,ティルティル,65
2023-03-19,tirtir,ティルティル,64
2023-03-26,tirtir,ティルティル,56
2023-04-02,tirtir,ティルティル,80
2023-04-09,tirtir,ティルティル,70
2023-04-16,tirtir,ティルティル,69
2023-04-23,tirtir,ティルティル,66
2023-04-30,tirtir,ティルティル,82
2023-05-07,tirtir,ティルティル,71
2023-05-14,tirtir,ティルティル,68
2023-05-21,tirtir,ティルティル,67
2023-05-28,tirtir,ティルティル,91
2023-06-04,tirtir,ティルティル,99
2023-06-11,tirtir,ティルティル,77
2023-06-18,tirtir,ティルティル,65
2023-06-25,tirtir,ティルティル,55
2023-07-02,tirtir,ティルティル,55
2023-07-09,tirtir,ティルティル,78
2023-07-16,tirtir,ティルティル,46
2023-07-23,tirtir,ティルティル,54
2023-07-30,tirtir,ティルティル,60
2023-08-06,tirtir,ティルティル,60
2023-08-13,tirtir,ティルティル,51
2023-08-20,tirtir,ティルティル,61
2023-08-27,tirtir,ティルティル,68
2023-09-03,tirtir,ティルティル,81
2023-09-10,tirtir,ティルティル,65
2023-09-17,tirtir,ティルティル,49
2023-09-24,tirtir,ティルティル,54
2023-10-01,tirtir,ティルティル,46
2023-10-08,tirtir,ティルティル,55
2023-10-15,tirtir,ティルティル,51
2023-10-22,tirtir,ティルティル,49
2023-10-29,tirtir,ティルティル,57
2023-11-05,tirtir,ティルティル,52
2023-11-12,tirtir,ティルティル,57
2023-11-19,tirtir,ティルティル,100
2023-11-26,tirtir,ティルティル,98
2023-12-03,tirtir,ティルティル,78
2023-12-10,tirtir,ティルティル,64
2023-12-17,tirtir,ティルティル,64
2023-12-24,tirtir,ティルティル,71
2023-12-31,tirtir,ティルティル,71
2024-01-07,tirtir,ティルティル,60
2024-01-14,tirtir,ティルティル,61
2024-01-21,tirtir,ティルティル,57
2024-01-28,tirtir,ティルティル,52
2024-02-04,tirtir,ティルティル,54
2024-02-11,tirtir,ティルティル,48
2024-02-18,tirtir,ティルティル,53
2024-02-25,tirtir,ティルティル,78
2024-03-03,tirtir,ティルティル,89
2024-03-10,tirtir,ティルティル,56
2024-03-17,tirtir,ティルティル,52
2024-03-24,tirtir,ティルティル,52
2024-03-31,tirtir,ティルティル,58
2024-04-07,tirtir,ティルティル,47
2024-04-14,tirtir,ティルティル,45
2024-04-21,tirtir,ティルティル,47
2024-04-28,tirtir,ティルティル,44
2024-05-05,tirtir,ティルティル,40
2024-05-12,tirtir,ティルティル,54
2024-05-19,tirtir,ティルティル,64
2024-05-26,tirtir,ティルティル,79
2024-06-02,tirtir,ティルティル,91
2024-06-09,tirtir,ティルティル,71
2024-06-16,tirtir,ティルティル,51
2024-06-23,tirtir,ティルティル,43
2024-06-30,tirtir,ティルティル,41
2024-07-07,tirtir,ティルティル,46
2024-07-14,tirtir,ティルティル,49
2024-07-21,tirtir,ティルティル,38
2024-07-28,tirtir,ティルティル,55
2024-08-04,tirtir,ティルティル,41
2024-08-11,tirtir,ティルティル,47
2024-08-18,tirtir,ティルティル,49
2024-08-25,tirtir,ティルティル,80
2024-09-01,tirtir,ティルティル,92
2024-09-08,tirtir,ティルティル,64
2024-09-15,tirtir,ティルティル,42
2024-09-22,tirtir,ティルティル,39
2024-09-29,tirtir,ティルティル,40
2024-10-06,tirtir,ティルティル,40
2024-10-13,tirtir,ティルティル,41
2024-10-20,tirtir,ティルティル,44
2024-10-27,tirtir,ティルティル,37
2024-11-03,tirtir,ティルティル,38
2024-11-10,tirtir,ティルティル,47
2024-11-17,tirtir,ティルティル,58
2024-11-24,tirtir,ティルティル,54
2024-12-01,tirtir,ティルティル,56
2024-12-08,tirtir,ティルティル,45
2024-12-15,tirtir,ティルティル,47
2024-12-22,tirtir,ティルティル,44
2024-12-29,tirtir,ティルティル,44
2025-01-05,tirtir,ティルティル,42
2025-01-12,tirtir,ティルティル,42
2025-01-19,tirtir,ティルティル,45
2025-01-26,tirtir,ティルティル,40
2025-02-02,tirtir,ティルティル,49
2025-02-09,tirtir,ティルティル,47
2025-02-16,tirtir,ティルティル,44
2025-02-23,tirtir,ティルティル,58
2025-03-02,tirtir,ティルティル,58
2025-03-09,tirtir,ティルティル,54
2025-03-16,tirtir,ティルティル,43
2025-03-23,tirtir,ティルティル,45
2025-03-30,tirtir,ティルティル,45
2025-04-06,tirtir,ティルティル,39
2025-04-13,tirtir,ティルティル,40
2025-04-20,tirtir,ティルティル,43
2025-04-27,tirtir,ティルティル,42
2025-05-04,tirtir,ティルティル,38
2025-05-11,tirtir,ティルティル,39
2025-05-18,tirtir,ティルティル,32
2025-05-25,tirtir,ティルティル,41
2025-06-01,tirtir,ティルティル,45
2025-06-08,tirtir,ティルティル,46
2025-06-15,tirtir,ティルティル,40
2025-06-22,tirtir,ティルティル,31
2025-06-29,tirtir,ティルティル,32
2025-07-06,tirtir,ティルティル,44
2025-07-13,tirtir,ティルティル,37
2025-07-20,tirtir,ティルティル,33
2025-07-27,tirtir,ティルティル,32
2025-08-03,tirtir,ティルティル,36
2025-08-10,tirtir,ティルティル,33
2025-08-17,tirtir,ティルティル,33
2025-08-24,tirtir,ティルティル,34
2025-08-31,tirtir,ティルティル,47
2025-09-07,tirtir,ティルティル,41
2025-09-14,tirtir,ティルティル,29
2025-09-21,tirtir,ティルティル,23
2025-09-28,tirtir,ティルティル,31
2025-10-05,tirtir,ティルティル,30
2025-10-12,tirtir,ティルティル,25
2025-10-19,tirtir,ティルティル,24
2025-10-26,tirtir,ティルティル,26
2025-11-02,tirtir,ティルティル,24
2025-11-09,tirtir,ティルティル,34
2025-11-16,tirtir,ティルティル,37
2025-11-23,tirtir,ティルティル,45
2025-11-30,tirtir,ティルティル,36
2025-12-07,tirtir,ティルティル,35
2025-12-14,tirtir,ティルティル,35
2025-12-21,tirtir,ティルティル,27
2025-12-28,tirtir,ティルティル,27
2026-01-04,tirtir,ティルティル,33
2026-01-11,tirtir,ティルティル,29
2026-01-18,tirtir,ティルティル,25
2026-01-25,tirtir,ティルティル,27
2026-02-01,tirtir,ティルティル,23
2026-02-08,tirtir,ティルティル,23
2026-02-15,tirtir,ティルティル,27
2026-02-22,tirtir,ティルティル,29
2026-03-01,tirtir,ティルティル,36
2026-03-08,tirtir,ティルティル,37
2026-03-15,tirtir,ティルティル,29
2026-03-22,tirtir,ティルティル,26
2026-03-29,tirtir,ティルティル,26
2026-04-05,tirtir,ティルティル,25
2026-04-12,tirtir,ティルティル,23
2026-04-19,tirtir,ティルティル,27
2026-04-26,tirtir,ティルティル,25
2026-05-03,tirtir,ティルティル,35
2026-05-10,tirtir,ティルティル,29
2026-05-17,tirtir,ティルティル,31
2026-05-24,tirtir,ティルティル,31
2026-05-31,tirtir,ティルティル,32
2026-06-07,tirtir,ティルティル,21
2026-06-14,tirtir,ティルティル,20
2026-06-21,tirtir,ティルティル,23
2026-06-28,tirtir,ティルティル,25
2026-07-05,tirtir,ティルティル,26
2026-07-12,tirtir,ティルティル,18
2026-07-19,tirtir,ティルティル,25
2026-07-26,tirtir,ティルティル,20
2026-08-02,tirtir,ティルティル,21
2026-08-09,tirtir,ティルティル,22
2026-08-16,tirtir,ティルティル,20
2026-08-23,tirtir,ティルティル,25
2026-08-30,tirtir,ティルティル,24
2026-09-06,tirtir,ティルティル,20
2021-09-05,beauty of joseon,beauty of joseon,0
2021-09-12,beauty of joseon,beauty of joseon,0
2021-09-19,beauty of joseon,beauty of joseon,0
2021-09-26,beauty of joseon,beauty of joseon,0
2021-10-03,beauty of joseon,beauty of joseon,0
2021-10-10,beauty of joseon,beauty of joseon,0
2021-10-17,beauty of joseon,beauty of joseon,0
2021-10-24,beauty of joseon,beauty of joseon,0
2021-10-31,beauty of joseon,beauty of joseon,0
2021-11-07,beauty of joseon,beauty of joseon,0
2021-11-14,beauty of joseon,beauty of joseon,0
2021-11-21,beauty of joseon,beauty of joseon,0
2021-11-28,beauty of joseon,beauty of joseon,0
2021-12-05,beauty of joseon,beauty of joseon,0
2021-12-12,beauty of joseon,beauty of joseon,0
2021-12-19,beauty of joseon,beauty of joseon,0
2021-12-26,beauty of joseon,beauty of joseon,0
2022-01-02,beauty of joseon,beauty of joseon,0
2022-01-09,beauty of joseon,beauty of joseon,0
2022-01-16,beauty of joseon,beauty of joseon,0
2022-01-23,beauty of joseon,beauty of joseon,0
2022-01-30,beauty of joseon,beauty of joseon,0
2022-02-06,beauty of joseon,beauty of joseon,0
2022-02-13,beauty of joseon,beauty of joseon,0
2022-02-20,beauty of joseon,beauty of joseon,0
2022-02-27,beauty of joseon,beauty of joseon,0
2022-03-06,beauty of joseon,beauty of joseon,0
2022-03-13,beauty of joseon,beauty of joseon,0
2022-03-20,beauty of joseon,beauty of joseon,0
2022-03-27,beauty of joseon,beauty of joseon,0
2022-04-03,beauty of joseon,beauty of joseon,0
2022-04-10,beauty of joseon,beauty of joseon,0
2022-04-17,beauty of joseon,beauty of joseon,0
2022-04-24,beauty of joseon,beauty of joseon,0
2022-05-01,beauty of joseon,beauty of joseon,0
2022-05-08,beauty of joseon,beauty of joseon,0
2022-05-15,beauty of joseon,beauty of joseon,0
2022-05-22,beauty of joseon,beauty of joseon,0
2022-05-29,beauty of joseon,beauty of joseon,0
2022-06-05,beauty of joseon,beauty of joseon,0
2022-06-12,beauty of joseon,beauty of joseon,0
2022-06-19,beauty of joseon,beauty of joseon,0
2022-06-26,beauty of joseon,beauty of joseon,0
2022-07-03,beauty of joseon,beauty of joseon,0
2022-07-10,beauty of joseon,beauty of joseon,0
2022-07-17,beauty of joseon,beauty of joseon,0
2022-07-24,beauty of joseon,beauty of joseon,0
2022-07-31,beauty of joseon,beauty of joseon,0
2022-08-07,beauty of joseon,beauty of joseon,0
2022-08-14,beauty of joseon,beauty of joseon,0
2022-08-21,beauty of joseon,beauty of joseon,0
2022-08-28,beauty of joseon,beauty of joseon,0
2022-09-04,beauty of joseon,beauty of joseon,0
2022-09-11,beauty of joseon,beauty of joseon,0
2022-09-18,beauty of joseon,beauty of joseon,0
2022-09-25,beauty of joseon,beauty of joseon,0
2022-10-02,beauty of joseon,beauty of joseon,0
2022-10-09,beauty of joseon,beauty of joseon,0
2022-10-16,beauty of joseon,beauty of joseon,0
2022-10-23,beauty of joseon,beauty of joseon,0
2022-10-30,beauty of joseon,beauty of joseon,0
2022-11-06,beauty of joseon,beauty of joseon,0
2022-11-13,beauty of joseon,beauty of joseon,0
2022-11-20,beauty of joseon,beauty of joseon,0
2022-11-27,beauty of joseon,beauty of joseon,0
2022-12-04,beauty of joseon,beauty of joseon,0
2022-12-11,beauty of joseon,beauty of joseon,0
2022-12-18,beauty of joseon,beauty of joseon,84
2022-12-25,beauty of joseon,beauty of joseon,0
2023-01-01,beauty of joseon,beauty of joseon,0
2023-01-08,beauty of joseon,beauty of joseon,0
2023-01-15,beauty of joseon,beauty of joseon,0
2023-01-22,beauty of joseon,beauty of joseon,0
2023-01-29,beauty of joseon,beauty of joseon,0
2023-02-05,beauty of joseon,beauty of joseon,0
2023-02-12,beauty of joseon,beauty of joseon,0
2023-02-19,beauty of joseon,beauty of joseon,0
2023-02-26,beauty of joseon,beauty of joseon,0
2023-03-05,beauty of joseon,beauty of joseon,0
2023-03-12,beauty of joseon,beauty of joseon,0
2023-03-19,beauty of joseon,beauty of joseon,0
2023-03-26,beauty of joseon,beauty of joseon,0
2023-04-02,beauty of joseon,beauty of joseon,0
2023-04-09,beauty of joseon,beauty of joseon,0
2023-04-16,beauty of joseon,beauty of joseon,0
2023-04-23,beauty of joseon,beauty of joseon,0
2023-04-30,beauty of joseon,beauty of joseon,0
2023-05-07,beauty of joseon,beauty of joseon,0
2023-05-14,beauty of joseon,beauty of joseon,0
2023-05-21,beauty of joseon,beauty of joseon,0
2023-05-28,beauty of joseon,beauty of joseon,0
2023-06-04,beauty of joseon,beauty of joseon,0
2023-06-11,beauty of joseon,beauty of joseon,0
2023-06-18,beauty of joseon,beauty of joseon,0
2023-06-25,beauty of joseon,beauty of joseon,0
2023-07-02,beauty of joseon,beauty of joseon,0
2023-07-09,beauty of joseon,beauty of joseon,0
2023-07-16,beauty of joseon,beauty of joseon,0
2023-07-23,beauty of joseon,beauty of joseon,0
2023-07-30,beauty of joseon,beauty of joseon,0
2023-08-06,beauty of joseon,beauty of joseon,0
2023-08-13,beauty of joseon,beauty of joseon,0
2023-08-20,beauty of joseon,beauty of joseon,0
2023-08-27,beauty of joseon,beauty of joseon,0
2023-09-03,beauty of joseon,beauty of joseon,0
2023-09-10,beauty of joseon,beauty of joseon,0
2023-09-17,beauty of joseon,beauty of joseon,0
2023-09-24,beauty of joseon,beauty of joseon,0
2023-10-01,beauty of joseon,beauty of joseon,0
2023-10-08,beauty of joseon,beauty of joseon,0
2023-10-15,beauty of joseon,beauty of joseon,0
2023-10-22,beauty of joseon,beauty of joseon,0
2023-10-29,beauty of joseon,beauty of joseon,0
2023-11-05,beauty of joseon,beauty of joseon,0
2023-11-12,beauty of joseon,beauty of joseon,0
2023-11-19,beauty of joseon,beauty of joseon,0
2023-11-26,beauty of joseon,beauty of joseon,0
2023-12-03,beauty of joseon,beauty of joseon,0
2023-12-10,beauty of joseon,beauty of joseon,0
2023-12-17,beauty of joseon,beauty of joseon,0
2023-12-24,beauty of joseon,beauty of joseon,0
2023-12-31,beauty of joseon,beauty of joseon,0
2024-01-07,beauty of joseon,beauty of joseon,0
2024-01-14,beauty of joseon,beauty of joseon,0
2024-01-21,beauty of joseon,beauty of joseon,0
2024-01-28,beauty of joseon,beauty of joseon,0
2024-02-04,beauty of joseon,beauty of joseon,0
2024-02-11,beauty of joseon,beauty of joseon,0
2024-02-18,beauty of joseon,beauty of joseon,0
2024-02-25,beauty of joseon,beauty of joseon,0
2024-03-03,beauty of joseon,beauty of joseon,0
2024-03-10,beauty of joseon,beauty of joseon,0
2024-03-17,beauty of joseon,beauty of joseon,0
2024-03-24,beauty of joseon,beauty of joseon,0
2024-03-31,beauty of joseon,beauty of joseon,0
2024-04-07,beauty of joseon,beauty of joseon,0
2024-04-14,beauty of joseon,beauty of joseon,0
2024-04-21,beauty of joseon,beauty of joseon,0
2024-04-28,beauty of joseon,beauty of joseon,0
2024-05-05,beauty of joseon,beauty of joseon,0
2024-05-12,beauty of joseon,beauty of joseon,0
2024-05-19,beauty of joseon,beauty of joseon,0
2024-05-26,beauty of joseon,beauty of joseon,0
2024-06-02,beauty of joseon,beauty of joseon,0
2024-06-09,beauty of joseon,beauty of joseon,0
2024-06-16,beauty of joseon,beauty of joseon,0
2024-06-23,beauty of joseon,beauty of joseon,0
2024-06-30,beauty of joseon,beauty of joseon,0
2024-07-07,beauty of joseon,beauty of joseon,0
2024-07-14,beauty of joseon,beauty of joseon,0
2024-07-21,beauty of joseon,beauty of joseon,0
2024-07-28,beauty of joseon,beauty of joseon,0
2024-08-04,beauty of joseon,beauty of joseon,0
2024-08-11,beauty of joseon,beauty of joseon,0
2024-08-18,beauty of joseon,beauty of joseon,0
2024-08-25,beauty of joseon,beauty of joseon,77
2024-09-01,beauty of joseon,beauty of joseon,0
2024-09-08,beauty of joseon,beauty of joseon,0
2024-09-15,beauty of joseon,beauty of joseon,0
2024-09-22,beauty of joseon,beauty of joseon,0
2024-09-29,beauty of joseon,beauty of joseon,0
2024-10-06,beauty of joseon,beauty of joseon,0
2024-10-13,beauty of joseon,beauty of joseon,88
2024-10-20,beauty of joseon,beauty of joseon,0
2024-10-27,beauty of joseon,beauty of joseon,0
2024-11-03,beauty of joseon,beauty of joseon,0
2024-11-10,beauty of joseon,beauty of joseon,0
2024-11-17,beauty of joseon,beauty of joseon,0
2024-11-24,beauty of joseon,beauty of joseon,0
2024-12-01,beauty of joseon,beauty of joseon,0
2024-12-08,beauty of joseon,beauty of joseon,0
2024-12-15,beauty of joseon,beauty of joseon,0
2024-12-22,beauty of joseon,beauty of joseon,0
2024-12-29,beauty of joseon,beauty of joseon,0
2025-01-05,beauty of joseon,beauty of joseon,0
2025-01-12,beauty of joseon,beauty of joseon,0
2025-01-19,beauty of joseon,beauty of joseon,0
2025-01-26,beauty of joseon,beauty of joseon,0
2025-02-02,beauty of joseon,beauty of joseon,0
2025-02-09,beauty of joseon,beauty of joseon,0
2025-02-16,beauty of joseon,beauty of joseon,0
2025-02-23,beauty of joseon,beauty of joseon,0
2025-03-02,beauty of joseon,beauty of joseon,0
2025-03-09,beauty of joseon,beauty of joseon,0
2025-03-16,beauty of joseon,beauty of joseon,0
2025-03-23,beauty of joseon,beauty of joseon,0
2025-03-30,beauty of joseon,beauty of joseon,0
2025-04-06,beauty of joseon,beauty of joseon,0
2025-04-13,beauty of joseon,beauty of joseon,0
2025-04-20,beauty of joseon,beauty of joseon,0
2025-04-27,beauty of joseon,beauty of joseon,68
2025-05-04,beauty of joseon,beauty of joseon,80
2025-05-11,beauty of joseon,beauty of joseon,0
2025-05-18,beauty of joseon,beauty of joseon,0
2025-05-25,beauty of joseon,beauty of joseon,0
2025-06-01,beauty of joseon,beauty of joseon,0
2025-06-08,beauty of joseon,beauty of joseon,0
2025-06-15,beauty of joseon,beauty of joseon,0
2025-06-22,beauty of joseon,beauty of joseon,0
2025-06-29,beauty of joseon,beauty of joseon,63
2025-07-06,beauty of joseon,beauty of joseon,0
2025-07-13,beauty of joseon,beauty of joseon,0
2025-07-20,beauty of joseon,beauty of joseon,0
2025-07-27,beauty of joseon,beauty of joseon,0
2025-08-03,beauty of joseon,beauty of joseon,0
2025-08-10,beauty of joseon,beauty of joseon,0
2025-08-17,beauty of joseon,beauty of joseon,0
2025-08-24,beauty of joseon,beauty of joseon,0
2025-08-31,beauty of joseon,beauty of joseon,78
2025-09-07,beauty of joseon,beauty of joseon,0
2025-09-14,beauty of joseon,beauty of joseon,0
2025-09-21,beauty of joseon,beauty of joseon,0
2025-09-28,beauty of joseon,beauty of joseon,64
2025-10-05,beauty of joseon,beauty of joseon,0
2025-10-12,beauty of joseon,beauty of joseon,0
2025-10-19,beauty of joseon,beauty of joseon,64
2025-10-26,beauty of joseon,beauty of joseon,100
2025-11-02,beauty of joseon,beauty of joseon,0
2025-11-09,beauty of joseon,beauty of joseon,0
2025-11-16,beauty of joseon,beauty of joseon,0
2025-11-23,beauty of joseon,beauty of joseon,74
2025-11-30,beauty of joseon,beauty of joseon,71
2025-12-07,beauty of joseon,beauty of joseon,0
2025-12-14,beauty of joseon,beauty of joseon,0
2025-12-21,beauty of joseon,beauty of joseon,0
2025-12-28,beauty of joseon,beauty of joseon,93
2026-01-04,beauty of joseon,beauty of joseon,0
2026-01-11,beauty of joseon,beauty of joseon,0
2026-01-18,beauty of joseon,beauty of joseon,0
2026-01-25,beauty of joseon,beauty of joseon,0
2026-02-01,beauty of joseon,beauty of joseon,0
2026-02-08,beauty of joseon,beauty of joseon,64
2026-02-15,beauty of joseon,beauty of joseon,0
2026-02-22,beauty of joseon,beauty of joseon,78
2026-03-01,beauty of joseon,beauty of joseon,79
2026-03-08,beauty of joseon,beauty of joseon,84
2026-03-15,beauty of joseon,beauty of joseon,85
2026-03-22,beauty of joseon,beauty of joseon,66
2026-03-29,beauty of joseon,beauty of joseon,71
2026-04-05,beauty of joseon,beauty of joseon,69
2026-04-12,beauty of joseon,beauty of joseon,0
2026-04-19,beauty of joseon,beauty of joseon,0
2026-04-26,beauty of joseon,beauty of joseon,0
2026-05-03,beauty of joseon,beauty of joseon,0
2026-05-10,beauty of joseon,beauty of joseon,63
2026-05-17,beauty of joseon,beauty of joseon,0
2026-05-24,beauty of joseon,beauty of joseon,85
2026-05-31,beauty of joseon,beauty of joseon,66
2026-06-07,beauty of joseon,beauty of joseon,0
2026-06-14,beauty of joseon,beauty of joseon,0
2026-06-21,beauty of joseon,beauty of joseon,0
2026-06-28,beauty of joseon,beauty of joseon,0
2026-07-05,beauty of joseon,beauty of joseon,0
2026-07-12,beauty of joseon,beauty of joseon,0
2026-07-19,beauty of joseon,beauty of joseon,0
2026-07-26,beauty of joseon,beauty of joseon,0
2026-08-02,beauty of joseon,beauty of joseon,0
2026-08-09,beauty of joseon,beauty of joseon,0
2026-08-16,beauty of joseon,beauty of joseon,0
2026-08-23,beauty of joseon,beauty of joseon,18
2026-08-30,beauty of joseon,beauty of joseon,45
2026-09-06,beauty of joseon,beauty of joseon,36
2021-09-05,torriden,トリデン,0
2021-09-12,torriden,トリデン,0
2021-09-19,torriden,トリデン,0
2021-09-26,torriden,トリデン,0
2021-10-03,torriden,トリデン,0
2021-10-10,torriden,トリデン,0
2021-10-17,torriden,トリデン,0
2021-10-24,torriden,トリデン,0
2021-10-31,torriden,トリデン,0
2021-11-07,torriden,トリデン,0
2021-11-14,torriden,トリデン,0
2021-11-21,torriden,トリデン,0
2021-11-28,torriden,トリデン,0
2021-12-05,torriden,トリデン,0
2021-12-12,torriden,トリデン,0
2021-12-19,torriden,トリデン,10
2021-12-26,torriden,トリデン,0
2022-01-02,torriden,トリデン,0
2022-01-09,torriden,トリデン,0
2022-01-16,torriden,トリデン,0
2022-01-23,torriden,トリデン,0
2022-01-30,torriden,トリデン,0
2022-02-06,torriden,トリデン,6
2022-02-13,torriden,トリデン,5
2022-02-20,torriden,トリデン,8
2022-02-27,torriden,トリデン,5
2022-03-06,torriden,トリデン,6
2022-03-13,torriden,トリデン,0
2022-03-20,torriden,トリデン,0
2022-03-27,torriden,トリデン,4
2022-04-03,torriden,トリデン,4
2022-04-10,torriden,トリデン,6
2022-04-17,torriden,トリデン,4
2022-04-24,torriden,トリデン,0
2022-05-01,torriden,トリデン,0
2022-05-08,torriden,トリデン,0
2022-05-15,torriden,トリデン,0
2022-05-22,torriden,トリデン,0
2022-05-29,torriden,トリデン,8
2022-06-05,torriden,トリデン,0
2022-06-12,torriden,トリデン,6
2022-06-19,torriden,トリデン,0
2022-06-26,torriden,トリデン,6
2022-07-03,torriden,トリデン,0
2022-07-10,torriden,トリデン,0
2022-07-17,torriden,トリデン,0
2022-07-24,torriden,トリデン,0
2022-07-31,torriden,トリデン,0
2022-08-07,torriden,トリデン,0
2022-08-14,torriden,トリデン,0
2022-08-21,torriden,トリデン,0
2022-08-28,torriden,トリデン,6
2022-09-04,torriden,トリデン,0
2022-09-11,torriden,トリデン,5
2022-09-18,torriden,トリデン,0
2022-09-25,torriden,トリデン,0
2022-10-02,torriden,トリデン,0
2022-10-09,torriden,トリデン,0
2022-10-16,torriden,トリデン,0
2022-10-23,torriden,トリデン,0
2022-10-30,torriden,トリデン,0
2022-11-06,torriden,トリデン,0
2022-11-13,torriden,トリデン,9
2022-11-20,torriden,トリデン,6
2022-11-27,torriden,トリデン,9
2022-12-04,torriden,トリデン,6
2022-12-11,torriden,トリデン,6
2022-12-18,torriden,トリデン,9
2022-12-25,torriden,トリデン,6
2023-01-01,torriden,トリデン,0
2023-01-08,torriden,トリデン,0
2023-01-15,torriden,トリデン,6
2023-01-22,torriden,トリデン,15
2023-01-29,torriden,トリデン,8
2023-02-05,torriden,トリデン,5
2023-02-12,torriden,トリデン,8
2023-02-19,torriden,トリデン,12
2023-02-26,torriden,トリデン,15
2023-03-05,torriden,トリデン,11
2023-03-12,torriden,トリデン,11
2023-03-19,torriden,トリデン,7
2023-03-26,torriden,トリデン,6
2023-04-02,torriden,トリデン,8
2023-04-09,torriden,トリデン,11
2023-04-16,torriden,トリデン,7
2023-04-23,torriden,トリデン,6
2023-04-30,torriden,トリデン,9
2023-05-07,torriden,トリデン,6
2023-05-14,torriden,トリデン,8
2023-05-21,torriden,トリデン,7
2023-05-28,torriden,トリデン,15
2023-06-04,torriden,トリデン,19
2023-06-11,torriden,トリデン,12
2023-06-18,torriden,トリデン,11
2023-06-25,torriden,トリデン,12
2023-07-02,torriden,トリデン,8
2023-07-09,torriden,トリデン,6
2023-07-16,torriden,トリデン,6
2023-07-23,torriden,トリデン,8
2023-07-30,torriden,トリデン,10
2023-08-06,torriden,トリデン,12
2023-08-13,torriden,トリデン,11
2023-08-20,torriden,トリデン,0
2023-08-27,torriden,トリデン,19
2023-09-03,torriden,トリデン,19
2023-09-10,torriden,トリデン,20
2023-09-17,torriden,トリデン,12
2023-09-24,torriden,トリデン,12
2023-10-01,torriden,トリデン,15
2023-10-08,torriden,トリデン,15
2023-10-15,torriden,トリデン,12
2023-10-22,torriden,トリデン,15
2023-10-29,torriden,トリデン,16
2023-11-05,torriden,トリデン,13
2023-11-12,torriden,トリデン,17
2023-11-19,torriden,トリデン,29
2023-11-26,torriden,トリデン,36
2023-12-03,torriden,トリデン,22
2023-12-10,torriden,トリデン,23
2023-12-17,torriden,トリデン,21
2023-12-24,torriden,トリデン,19
2023-12-31,torriden,トリデン,24
2024-01-07,torriden,トリデン,23
2024-01-14,torriden,トリデン,25
2024-01-21,torriden,トリデン,33
2024-01-28,torriden,トリデン,25
2024-02-04,torriden,トリデン,30
2024-02-11,torriden,トリデン,23
2024-02-18,torriden,トリデン,23
2024-02-25,torriden,トリデン,46
2024-03-03,torriden,トリデン,60
2024-03-10,torriden,トリデン,42
2024-03-17,torriden,トリデン,40
2024-03-24,torriden,トリデン,28
2024-03-31,torriden,トリデン,31
2024-04-07,torriden,トリデン,32
2024-04-14,torriden,トリデン,26
2024-04-21,torriden,トリデン,30
2024-04-28,torriden,トリデン,38
2024-05-05,torriden,トリデン,55
2024-05-12,torriden,トリデン,39
2024-05-19,torriden,トリデン,47
2024-05-26,torriden,トリデン,63
2024-06-02,torriden,トリデン,80
2024-06-09,torriden,トリデン,60
2024-06-16,torriden,トリデン,41
2024-06-23,torriden,トリデン,41
2024-06-30,torriden,トリデン,34
2024-07-07,torriden,トリデン,44
2024-07-14,torriden,トリデン,50
2024-07-21,torriden,トリデン,35
2024-07-28,torriden,トリデン,38
2024-08-04,torriden,トリデン,46
2024-08-11,torriden,トリデン,33
2024-08-18,torriden,トリデン,35
2024-08-25,torriden,トリデン,63
2024-09-01,torriden,トリデン,82
2024-09-08,torriden,トリデン,77
2024-09-15,torriden,トリデン,42
2024-09-22,torriden,トリデン,55
2024-09-29,torriden,トリデン,45
2024-10-06,torriden,トリデン,47
2024-10-13,torriden,トリデン,44
2024-10-20,torriden,トリデン,48
2024-10-27,torriden,トリデン,41
2024-11-03,torriden,トリデン,53
2024-11-10,torriden,トリデン,75
2024-11-17,torriden,トリデン,99
2024-11-24,torriden,トリデン,78
2024-12-01,torriden,トリデン,67
2024-12-08,torriden,トリデン,64
2024-12-15,torriden,トリデン,66
2024-12-22,torriden,トリデン,62
2024-12-29,torriden,トリデン,71
2025-01-05,torriden,トリデン,78
2025-01-12,torriden,トリデン,72
2025-01-19,torriden,トリデン,70
2025-01-26,torriden,トリデン,74
2025-02-02,torriden,トリデン,70
2025-02-09,torriden,トリデン,69
2025-02-16,torriden,トリデン,66
2025-02-23,torriden,トリデン,99
2025-03-02,torriden,トリデン,89
2025-03-09,torriden,トリデン,98
2025-03-16,torriden,トリデン,72
2025-03-23,torriden,トリデン,68
2025-03-30,torriden,トリデン,77
2025-04-06,torriden,トリデン,60
2025-04-13,torriden,トリデン,54
2025-04-20,torriden,トリデン,58
2025-04-27,torriden,トリデン,65
2025-05-04,torriden,トリデン,72
2025-05-11,torriden,トリデン,69
2025-05-18,torriden,トリデン,69
2025-05-25,torriden,トリデン,79
2025-06-01,torriden,トリデン,95
2025-06-08,torriden,トリデン,80
2025-06-15,torriden,トリデン,61
2025-06-22,torriden,トリデン,58
2025-06-29,torriden,トリデン,50
2025-07-06,torriden,トリデン,56
2025-07-13,torriden,トリデン,49
2025-07-20,torriden,トリデン,55
2025-07-27,torriden,トリデン,65
2025-08-03,torriden,トリデン,70
2025-08-10,torriden,トリデン,50
2025-08-17,torriden,トリデン,64
2025-08-24,torriden,トリデン,80
2025-08-31,torriden,トリデン,84
2025-09-07,torriden,トリデン,66
2025-09-14,torriden,トリデン,49
2025-09-21,torriden,トリデン,55
2025-09-28,torriden,トリデン,62
2025-10-05,torriden,トリデン,57
2025-10-12,torriden,トリデン,59
2025-10-19,torriden,トリデン,61
2025-10-26,torriden,トリデン,82
2025-11-02,torriden,トリデン,71
2025-11-09,torriden,トリデン,75
2025-11-16,torriden,トリデン,98
2025-11-23,torriden,トリデン,100
2025-11-30,torriden,トリデン,86
2025-12-07,torriden,トリデン,78
2025-12-14,torriden,トリデン,71
2025-12-21,torriden,トリデン,69
2025-12-28,torriden,トリデン,92
2026-01-04,torriden,トリデン,93
2026-01-11,torriden,トリデン,95
2026-01-18,torriden,トリデン,79
2026-01-25,torriden,トリデン,86
2026-02-01,torriden,トリデン,76
2026-02-08,torriden,トリデン,76
2026-02-15,torriden,トリデン,68
2026-02-22,torriden,トリデン,86
2026-03-01,torriden,トリデン,92
2026-03-08,torriden,トリデン,89
2026-03-15,torriden,トリデン,81
2026-03-22,torriden,トリデン,67
2026-03-29,torriden,トリデン,68
2026-04-05,torriden,トリデン,68
2026-04-12,torriden,トリデン,65
2026-04-19,torriden,トリデン,62
2026-04-26,torriden,トリデン,63
2026-05-03,torriden,トリデン,65
2026-05-10,torriden,トリデン,69
2026-05-17,torriden,トリデン,60
2026-05-24,torriden,トリデン,67
2026-05-31,torriden,トリデン,72
2026-06-07,torriden,トリデン,61
2026-06-14,torriden,トリデン,51
2026-06-21,torriden,トリデン,47
2026-06-28,torriden,トリデン,43
2026-07-05,torriden,トリデン,51
2026-07-12,torriden,トリデン,49
2026-07-19,torriden,トリデン,49
2026-07-26,torriden,トリデン,60
2026-08-02,torriden,トリデン,58
2026-08-09,torriden,トリデン,55
2026-08-16,torriden,トリデン,63
2026-08-23,torriden,トリデン,78
2026-08-30,torriden,トリデン,82
2026-09-06,torriden,トリデン,72
2021-09-05,skin1004,スキン1004,0
2021-09-12,skin1004,スキン1004,0
2021-09-19,skin1004,スキン1004,0
2021-09-26,skin1004,スキン1004,0
2021-10-03,skin1004,スキン1004,0
2021-10-10,skin1004,スキン1004,0
2021-10-17,skin1004,スキン1004,0
2021-10-24,skin1004,スキン1004,0
2021-10-31,skin1004,スキン1004,0
2021-11-07,skin1004,スキン1004,0
2021-11-14,skin1004,スキン1004,0
2021-11-21,skin1004,スキン1004,0
2021-11-28,skin1004,スキン1004,0
2021-12-05,skin1004,スキン1004,0
2021-12-12,skin1004,スキン1004,0
2021-12-19,skin1004,スキン1004,0
2021-12-26,skin1004,スキン1004,0
2022-01-02,skin1004,スキン1004,0
2022-01-09,skin1004,スキン1004,0
2022-01-16,skin1004,スキン1004,0
2022-01-23,skin1004,スキン1004,0
2022-01-30,skin1004,スキン1004,0
2022-02-06,skin1004,スキン1004,0
2022-02-13,skin1004,スキン1004,0
2022-02-20,skin1004,スキン1004,0
2022-02-27,skin1004,スキン1004,0
2022-03-06,skin1004,スキン1004,0
2022-03-13,skin1004,スキン1004,0
2022-03-20,skin1004,スキン1004,0
2022-03-27,skin1004,スキン1004,0
2022-04-03,skin1004,スキン1004,0
2022-04-10,skin1004,スキン1004,0
2022-04-17,skin1004,スキン1004,0
2022-04-24,skin1004,スキン1004,0
2022-05-01,skin1004,スキン1004,0
2022-05-08,skin1004,スキン1004,0
2022-05-15,skin1004,スキン1004,0
2022-05-22,skin1004,スキン1004,0
2022-05-29,skin1004,スキン1004,0
2022-06-05,skin1004,スキン1004,0
2022-06-12,skin1004,スキン1004,0
2022-06-19,skin1004,スキン1004,0
2022-06-26,skin1004,スキン1004,0
2022-07-03,skin1004,スキン1004,0
2022-07-10,skin1004,スキン1004,0
2022-07-17,skin1004,スキン1004,0
2022-07-24,skin1004,スキン1004,0
2022-07-31,skin1004,スキン1004,0
2022-08-07,skin1004,スキン1004,0
2022-08-14,skin1004,スキン1004,0
2022-08-21,skin1004,スキン1004,0
2022-08-28,skin1004,スキン1004,0
2022-09-04,skin1004,スキン1004,0
2022-09-11,skin1004,スキン1004,0
2022-09-18,skin1004,スキン1004,0
2022-09-25,skin1004,スキン1004,0
2022-10-02,skin1004,スキン1004,0
2022-10-09,skin1004,スキン1004,0
2022-10-16,skin1004,スキン1004,0
2022-10-23,skin1004,スキン1004,0
2022-10-30,skin1004,スキン1004,0
2022-11-06,skin1004,スキン1004,0
2022-11-13,skin1004,スキン1004,0
2022-11-20,skin1004,スキン1004,0
2022-11-27,skin1004,スキン1004,0
2022-12-04,skin1004,スキン1004,0
2022-12-11,skin1004,スキン1004,0
2022-12-18,skin1004,スキン1004,0
2022-12-25,skin1004,スキン1004,0
2023-01-01,skin1004,スキン1004,0
2023-01-08,skin1004,スキン1004,0
2023-01-15,skin1004,スキン1004,0
2023-01-22,skin1004,スキン1004,0
2023-01-29,skin1004,スキン1004,0
2023-02-05,skin1004,スキン1004,0
2023-02-12,skin1004,スキン1004,0
2023-02-19,skin1004,スキン1004,0
2023-02-26,skin1004,スキン1004,0
2023-03-05,skin1004,スキン1004,0
2023-03-12,skin1004,スキン1004,0
2023-03-19,skin1004,スキン1004,0
2023-03-26,skin1004,スキン1004,0
2023-04-02,skin1004,スキン1004,0
2023-04-09,skin1004,スキン1004,0
2023-04-16,skin1004,スキン1004,0
2023-04-23,skin1004,スキン1004,0
2023-04-30,skin1004,スキン1004,0
2023-05-07,skin1004,スキン1004,0
2023-05-14,skin1004,スキン1004,0
2023-05-21,skin1004,スキン1004,0
2023-05-28,skin1004,スキン1004,0
2023-06-04,skin1004,スキン1004,0
2023-06-11,skin1004,スキン1004,0
2023-06-18,skin1004,スキン1004,0
2023-06-25,skin1004,スキン1004,0
2023-07-02,skin1004,スキン1004,0
2023-07-09,skin1004,スキン1004,0
2023-07-16,skin1004,スキン1004,0
2023-07-23,skin1004,スキン1004,0
2023-07-30,skin1004,スキン1004,0
2023-08-06,skin1004,スキン1004,0
2023-08-13,skin1004,スキン1004,0
2023-08-20,skin1004,スキン1004,0
2023-08-27,skin1004,スキン1004,0
2023-09-03,skin1004,スキン1004,0
2023-09-10,skin1004,スキン1004,0
2023-09-17,skin1004,スキン1004,0
2023-09-24,skin1004,スキン1004,0
2023-10-01,skin1004,スキン1004,0
2023-10-08,skin1004,スキン1004,0
2023-10-15,skin1004,スキン1004,0
2023-10-22,skin1004,スキン1004,0
2023-10-29,skin1004,スキン1004,0
2023-11-05,skin1004,スキン1004,0
2023-11-12,skin1004,スキン1004,0
2023-11-19,skin1004,スキン1004,0
2023-11-26,skin1004,スキン1004,0
2023-12-03,skin1004,スキン1004,0
2023-12-10,skin1004,スキン1004,0
2023-12-17,skin1004,スキン1004,0
2023-12-24,skin1004,スキン1004,0
2023-12-31,skin1004,スキン1004,0
2024-01-07,skin1004,スキン1004,0
2024-01-14,skin1004,スキン1004,0
2024-01-21,skin1004,スキン1004,0
2024-01-28,skin1004,スキン1004,0
2024-02-04,skin1004,スキン1004,0
2024-02-11,skin1004,スキン1004,0
2024-02-18,skin1004,スキン1004,0
2024-02-25,skin1004,スキン1004,0
2024-03-03,skin1004,スキン1004,0
2024-03-10,skin1004,スキン1004,0
2024-03-17,skin1004,スキン1004,0
2024-03-24,skin1004,スキン1004,0
2024-03-31,skin1004,スキン1004,0
2024-04-07,skin1004,スキン1004,0
2024-04-14,skin1004,スキン1004,0
2024-04-21,skin1004,スキン1004,0
2024-04-28,skin1004,スキン1004,0
2024-05-05,skin1004,スキン1004,0
2024-05-12,skin1004,スキン1004,0
2024-05-19,skin1004,スキン1004,0
2024-05-26,skin1004,スキン1004,0
2024-06-02,skin1004,スキン1004,0
2024-06-09,skin1004,スキン1004,0
2024-06-16,skin1004,スキン1004,0
2024-06-23,skin1004,スキン1004,0
2024-06-30,skin1004,スキン1004,0
2024-07-07,skin1004,スキン1004,0
2024-07-14,skin1004,スキン1004,0
2024-07-21,skin1004,スキン1004,0
2024-07-28,skin1004,スキン1004,0
2024-08-04,skin1004,スキン1004,0
2024-08-11,skin1004,スキン1004,0
2024-08-18,skin1004,スキン1004,0
2024-08-25,skin1004,スキン1004,76
2024-09-01,skin1004,スキン1004,0
2024-09-08,skin1004,スキン1004,0
2024-09-15,skin1004,スキン1004,0
2024-09-22,skin1004,スキン1004,0
2024-09-29,skin1004,スキン1004,0
2024-10-06,skin1004,スキン1004,0
2024-10-13,skin1004,スキン1004,0
2024-10-20,skin1004,スキン1004,0
2024-10-27,skin1004,スキン1004,0
2024-11-03,skin1004,スキン1004,0
2024-11-10,skin1004,スキン1004,0
2024-11-17,skin1004,スキン1004,0
2024-11-24,skin1004,スキン1004,0
2024-12-01,skin1004,スキン1004,0
2024-12-08,skin1004,スキン1004,0
2024-12-15,skin1004,スキン1004,0
2024-12-22,skin1004,スキン1004,0
2024-12-29,skin1004,スキン1004,0
2025-01-05,skin1004,スキン1004,0
2025-01-12,skin1004,スキン1004,0
2025-01-19,skin1004,スキン1004,0
2025-01-26,skin1004,スキン1004,0
2025-02-02,skin1004,スキン1004,0
2025-02-09,skin1004,スキン1004,0
2025-02-16,skin1004,スキン1004,0
2025-02-23,skin1004,スキン1004,0
2025-03-02,skin1004,スキン1004,0
2025-03-09,skin1004,スキン1004,0
2025-03-16,skin1004,スキン1004,60
2025-03-23,skin1004,スキン1004,0
2025-03-30,skin1004,スキン1004,0
2025-04-06,skin1004,スキン1004,0
2025-04-13,skin1004,スキン1004,0
2025-04-20,skin1004,スキン1004,0
2025-04-27,skin1004,スキン1004,0
2025-05-04,skin1004,スキン1004,0
2025-05-11,skin1004,スキン1004,0
2025-05-18,skin1004,スキン1004,0
2025-05-25,skin1004,スキン1004,0
2025-06-01,skin1004,スキン1004,0
2025-06-08,skin1004,スキン1004,0
2025-06-15,skin1004,スキン1004,0
2025-06-22,skin1004,スキン1004,0
2025-06-29,skin1004,スキン1004,0
2025-07-06,skin1004,スキン1004,0
2025-07-13,skin1004,スキン1004,0
2025-07-20,skin1004,スキン1004,0
2025-07-27,skin1004,スキン1004,0
2025-08-03,skin1004,スキン1004,0
2025-08-10,skin1004,スキン1004,0
2025-08-17,skin1004,スキン1004,0
2025-08-24,skin1004,スキン1004,0
2025-08-31,skin1004,スキン1004,0
2025-09-07,skin1004,スキン1004,0
2025-09-14,skin1004,スキン1004,0
2025-09-21,skin1004,スキン1004,0
2025-09-28,skin1004,スキン1004,0
2025-10-05,skin1004,スキン1004,0
2025-10-12,skin1004,スキン1004,0
2025-10-19,skin1004,スキン1004,0
2025-10-26,skin1004,スキン1004,0
2025-11-02,skin1004,スキン1004,0
2025-11-09,skin1004,スキン1004,0
2025-11-16,skin1004,スキン1004,0
2025-11-23,skin1004,スキン1004,0
2025-11-30,skin1004,スキン1004,0
2025-12-07,skin1004,スキン1004,0
2025-12-14,skin1004,スキン1004,0
2025-12-21,skin1004,スキン1004,0
2025-12-28,skin1004,スキン1004,0
2026-01-04,skin1004,スキン1004,0
2026-01-11,skin1004,スキン1004,0
2026-01-18,skin1004,スキン1004,0
2026-01-25,skin1004,スキン1004,0
2026-02-01,skin1004,スキン1004,0
2026-02-08,skin1004,スキン1004,0
2026-02-15,skin1004,スキン1004,0
2026-02-22,skin1004,スキン1004,0
2026-03-01,skin1004,スキン1004,0
2026-03-08,skin1004,スキン1004,0
2026-03-15,skin1004,スキン1004,0
2026-03-22,skin1004,スキン1004,0
2026-03-29,skin1004,スキン1004,0
2026-04-05,skin1004,スキン1004,0
2026-04-12,skin1004,スキン1004,0
2026-04-19,skin1004,スキン1004,0
2026-04-26,skin1004,スキン1004,0
2026-05-03,skin1004,スキン1004,0
2026-05-10,skin1004,スキン1004,0
2026-05-17,skin1004,スキン1004,0
2026-05-24,skin1004,スキン1004,0
2026-05-31,skin1004,スキン1004,0
2026-06-07,skin1004,スキン1004,0
2026-06-14,skin1004,スキン1004,57
2026-06-21,skin1004,スキン1004,0
2026-06-28,skin1004,スキン1004,0
2026-07-05,skin1004,スキン1004,0
2026-07-12,skin1004,スキン1004,0
2026-07-19,skin1004,スキン1004,0
2026-07-26,skin1004,スキン1004,0
2026-08-02,skin1004,スキン1004,0
2026-08-09,skin1004,スキン1004,0
2026-08-16,skin1004,スキン1004,0
2026-08-23,skin1004,スキン1004,100
2026-08-30,skin1004,スキン1004,34
2026-09-06,skin1004,スキン1004,24
