date,keyword,value
2021-09-05,centellian24,0
2021-09-05,madeca cream,0
2021-09-12,centellian24,0
2021-09-12,madeca cream,0
2021-09-19,centellian24,0
2021-09-19,madeca cream,0
2021-09-26,centellian24,0
2021-09-26,madeca cream,0
2021-10-03,centellian24,0
2021-10-03,madeca cream,0
2021-10-10,centellian24,0
2021-10-10,madeca cream,0
2021-10-17,centellian24,0
2021-10-17,madeca cream,0
2021-10-24,centellian24,0
2021-10-24,madeca cream,0
2021-10-31,centellian24,0
2021-10-31,madeca cream,0
2021-11-07,centellian24,0
2021-11-07,madeca cream,0
2021-11-14,centellian24,0
2021-11-14,madeca cream,0
2021-11-21,centellian24,0
2021-11-21,madeca cream,0
2021-11-28,centellian24,0
2021-11-28,madeca cream,0
2021-12-05,centellian24,0
2021-12-05,madeca cream,0
2021-12-12,centellian24,0
2021-12-12,madeca cream,0
2021-12-19,centellian24,0
2021-12-19,madeca cream,0
2021-12-26,centellian24,0
2021-12-26,madeca cream,0
2022-01-02,centellian24,0
2022-01-02,madeca cream,0
2022-01-09,centellian24,0
2022-01-09,madeca cream,0
2022-01-16,centellian24,0
2022-01-16,madeca cream,0
2022-01-23,centellian24,0
2022-01-23,madeca cream,0
2022-01-30,centellian24,0
2022-01-30,madeca cream,0
2022-02-06,centellian24,0
2022-02-06,madeca cream,0
2022-02-13,centellian24,0
2022-02-13,madeca cream,0
2022-02-20,centellian24,0
2022-02-20,madeca cream,0
2022-02-27,centellian24,0
2022-02-27,madeca cream,0
2022-03-06,centellian24,0
2022-03-06,madeca cream,0
2022-03-13,centellian24,0
2022-03-13,madeca cream,0
2022-03-20,centellian24,0
2022-03-20,madeca cream,0
2022-03-27,centellian24,0
2022-03-27,madeca cream,0
2022-04-03,centellian24,0
2022-04-03,madeca cream,0
2022-04-10,centellian24,0
2022-04-10,madeca cream,12
2022-04-17,centellian24,0
2022-04-17,madeca cream,0
2022-04-24,centellian24,0
2022-04-24,madeca cream,0
2022-05-01,centellian24,0
2022-05-01,madeca cream,0
2022-05-08,centellian24,0
2022-05-08,madeca cream,0
2022-05-15,centellian24,0
2022-05-15,madeca cream,0
2022-05-22,centellian24,0
2022-05-22,madeca cream,0
2022-05-29,centellian24,0
2022-05-29,madeca cream,0
2022-06-05,centellian24,0
2022-06-05,madeca cream,0
2022-06-12,centellian24,0
2022-06-12,madeca cream,0
2022-06-19,centellian24,0
2022-06-19,madeca cream,0
2022-06-26,centellian24,0
2022-06-26,madeca cream,0
2022-07-03,centellian24,0
2022-07-03,madeca cream,0
2022-07-10,centellian24,0
2022-07-10,madeca cream,0
2022-07-17,centellian24,0
2022-07-17,madeca cream,0
2022-07-24,centellian24,0
2022-07-24,madeca cream,0
2022-07-31,centellian24,0
2022-07-31,madeca cream,0
2022-08-07,centellian24,0
2022-08-07,madeca cream,0
2022-08-14,centellian24,0
2022-08-14,madeca cream,0
2022-08-21,centellian24,0
2022-08-21,madeca cream,0
2022-08-28,centellian24,0
2022-08-28,madeca cream,0
2022-09-04,centellian24,0
2022-09-04,madeca cream,0
2022-09-11,centellian24,0
2022-09-11,madeca cream,0
2022-09-18,centellian24,0
2022-09-18,madeca cream,0
2022-09-25,centellian24,0
2022-09-25,madeca cream,0
2022-10-02,centellian24,0
2022-10-02,madeca cream,0
2022-10-09,centellian24,0
2022-10-09,madeca cream,0
2022-10-16,centellian24,0
2022-10-16,madeca cream,0
2022-10-23,centellian24,0
2022-10-23,madeca cream,0
2022-10-30,centellian24,0
2022-10-30,madeca cream,0
2022-11-06,centellian24,0
2022-11-06,madeca cream,0
2022-11-13,centellian24,0
2022-11-13,madeca cream,0
2022-11-20,centellian24,0
2022-11-20,madeca cream,0
2022-11-27,centellian24,0
2022-11-27,madeca cream,0
2022-12-04,centellian24,0
2022-12-04,madeca cream,0
2022-12-11,centellian24,0
2022-12-11,madeca cream,0
2022-12-18,centellian24,0
2022-12-18,madeca cream,0
2022-12-25,centellian24,0
2022-12-25,madeca cream,0
2023-01-01,centellian24,0
2023-01-01,madeca cream,0
2023-01-08,centellian24,0
2023-01-08,madeca cream,0
2023-01-15,centellian24,0
2023-01-15,madeca cream,0
2023-01-22,centellian24,0
2023-01-22,madeca cream,0
2023-01-29,centellian24,0
2023-01-29,madeca cream,0
2023-02-05,centellian24,0
2023-02-05,madeca cream,0
2023-02-12,centellian24,0
2023-02-12,madeca cream,0
2023-02-19,centellian24,0
2023-02-19,madeca cream,0
2023-02-26,centellian24,0
2023-02-26,madeca cream,0
2023-03-05,centellian24,0
2023-03-05,madeca cream,0
2023-03-12,centellian24,0
2023-03-12,madeca cream,0
2023-03-19,centellian24,0
2023-03-19,madeca cream,0
2023-03-26,centellian24,0
2023-03-26,madeca cream,0
2023-04-02,centellian24,0
2023-04-02,madeca cream,0
2023-04-09,centellian24,0
2023-04-09,madeca cream,0
2023-04-16,centellian24,0
2023-04-16,madeca cream,0
2023-04-23,centellian24,0
2023-04-23,madeca cream,0
2023-04-30,centellian24,0
2023-04-30,madeca cream,0
2023-05-07,centellian24,0
2023-05-07,madeca cream,0
2023-05-14,centellian24,0
2023-05-14,madeca cream,0
2023-05-21,centellian24,0
2023-05-21,madeca cream,0
2023-05-28,centellian24,0
2023-05-28,madeca cream,0
2023-06-04,centellian24,0
2023-06-04,madeca cream,0
2023-06-11,centellian24,0
2023-06-11,madeca cream,0
2023-06-18,centellian24,0
2023-06-18,madeca cream,0
2023-06-25,centellian24,0
2023-06-25,madeca cream,0
2023-07-02,centellian24,0
2023-07-02,madeca cream,0
2023-07-09,centellian24,0
2023-07-09,madeca cream,0
2023-07-16,centellian24,0
2023-07-16,madeca cream,14
2023-07-23,centellian24,0
2023-07-23,madeca cream,0
2023-07-30,centellian24,0
2023-07-30,madeca cream,0
2023-08-06,centellian24,0
2023-08-06,madeca cream,0
2023-08-13,centellian24,0
2023-08-13,madeca cream,0
2023-08-20,centellian24,0
2023-08-20,madeca cream,0
2023-08-27,centellian24,0
2023-08-27,madeca cream,0
2023-09-03,centellian24,0
2023-09-03,madeca cream,0
2023-09-10,centellian24,0
2023-09-10,madeca cream,0
2023-09-17,centellian24,0
2023-09-17,madeca cream,0
2023-09-24,centellian24,0
2023-09-24,madeca cream,0
2023-10-01,centellian24,0
2023-10-01,madeca cream,0
2023-10-08,centellian24,0
2023-10-08,madeca cream,0
2023-10-15,centellian24,0
2023-10-15,madeca cream,0
2023-10-22,centellian24,0
2023-10-22,madeca cream,0
2023-10-29,centellian24,0
2023-10-29,madeca cream,0
2023-11-05,centellian24,0
2023-11-05,madeca cream,0
2023-11-12,centellian24,0
2023-11-12,madeca cream,0
2023-11-19,centellian24,0
2023-11-19,madeca cream,0
2023-11-26,centellian24,0
2023-11-26,madeca cream,0
2023-12-03,centellian24,0
2023-12-03,madeca cream,0
2023-12-10,centellian24,0
2023-12-10,madeca cream,0
2023-12-17,centellian24,0
2023-12-17,madeca cream,0
2023-12-24,centellian24,0
2023-12-24,madeca cream,0
2023-12-31,centellian24,0
2023-12-31,madeca cream,0
2024-01-07,centellian24,0
2024-01-07,madeca cream,0
2024-01-14,centellian24,0
2024-01-14,madeca cream,0
2024-01-21,centellian24,0
2024-01-21,madeca cream,0
2024-01-28,centellian24,0
2024-01-28,madeca cream,0
2024-02-04,centellian24,0
2024-02-04,madeca cream,0
2024-02-11,centellian24,0
2024-02-11,madeca cream,0
2024-02-18,centellian24,0
2024-02-18,madeca cream,0
2024-02-25,centellian24,0
2024-02-25,madeca cream,0
2024-03-03,centellian24,0
2024-03-03,madeca cream,0
2024-03-10,centellian24,0
2024-03-10,madeca cream,0
2024-03-17,centellian24,0
2024-03-17,madeca cream,0
2024-03-24,centellian24,0
2024-03-24,madeca cream,0
2024-03-31,centellian24,0
2024-03-31,madeca cream,0
2024-04-07,centellian24,0
2024-04-07,madeca cream,0
2024-04-14,centellian24,0
2024-04-14,madeca cream,0
2024-04-21,centellian24,0
2024-04-21,madeca cream,0
2024-04-28,centellian24,0
2024-04-28,madeca cream,0
2024-05-05,centellian24,0
2024-05-05,madeca cream,0
2024-05-12,centellian24,0
2024-05-12,madeca cream,0
2024-05-19,centellian24,0
2024-05-19,madeca cream,0
2024-05-26,centellian24,0
2024-05-26,madeca cream,0
2024-06-02,centellian24,0
2024-06-02,madeca cream,0
2024-06-09,centellian24,0
2024-06-09,madeca cream,0
2024-06-16,centellian24,0
2024-06-16,madeca cream,0
2024-06-23,centellian24,0
2024-06-23,madeca cream,0
2024-06-30,centellian24,0
2024-06-30,madeca cream,0
2024-07-07,centellian24,0
2024-07-07,madeca cream,0
2024-07-14,centellian24,0
2024-07-14,madeca cream,0
2024-07-21,centellian24,0
2024-07-21,madeca cream,0
2024-07-28,centellian24,0
2024-07-28,madeca cream,0
2024-08-04,centellian24,0
2024-08-04,madeca cream,0
2024-08-11,centellian24,0
2024-08-11,madeca cream,0
2024-08-18,centellian24,0
2024-08-18,madeca cream,0
2024-08-25,centellian24,0
2024-08-25,madeca cream,0
2024-09-01,centellian24,0
2024-09-01,madeca cream,0
2024-09-08,centellian24,0
2024-09-08,madeca cream,0
2024-09-15,centellian24,0
2024-09-15,madeca cream,0
2024-09-22,centellian24,0
2024-09-22,madeca cream,0
2024-09-29,centellian24,0
2024-09-29,madeca cream,0
2024-10-06,centellian24,0
2024-10-06,madeca cream,0
2024-10-13,centellian24,0
2024-10-13,madeca cream,0
2024-10-20,centellian24,0
2024-10-20,madeca cream,0
2024-10-27,centellian24,0
2024-10-27,madeca cream,14
2024-11-03,centellian24,0
2024-11-03,madeca cream,0
2024-11-10,centellian24,0
2024-11-10,madeca cream,0
2024-11-17,centellian24,0
2024-11-17,madeca cream,0
2024-11-24,centellian24,0
2024-11-24,madeca cream,0
2024-12-01,centellian24,0
2024-12-01,madeca cream,0
2024-12-08,centellian24,0
2024-12-08,madeca cream,0
2024-12-15,centellian24,0
2024-12-15,madeca cream,0
2024-12-22,centellian24,0
2024-12-22,madeca cream,0
2024-12-29,centellian24,0
2024-12-29,madeca cream,0
2025-01-05,centellian24,0
2025-01-05,madeca cream,0
2025-01-12,centellian24,0
2025-01-12,madeca cream,0
2025-01-19,centellian24,0
2025-01-19,madeca cream,0
2025-01-26,centellian24,0
2025-01-26,madeca cream,0
2025-02-02,centellian24,0
2025-02-02,madeca cream,0
2025-02-09,centellian24,0
2025-02-09,madeca cream,0
2025-02-16,centellian24,0
2025-02-16,madeca cream,0
2025-02-23,centellian24,0
2025-02-23,madeca cream,0
2025-03-02,centellian24,0
2025-03-02,madeca cream,0
2025-03-09,centellian24,0
2025-03-09,madeca cream,0
2025-03-16,centellian24,0
2025-03-16,madeca cream,0
2025-03-23,centellian24,0
2025-03-23,madeca cream,0
2025-03-30,centellian24,0
2025-03-30,madeca cream,0
2025-04-06,centellian24,0
2025-04-06,madeca cream,0
2025-04-13,centellian24,0
2025-04-13,madeca cream,13
2025-04-20,centellian24,0
2025-04-20,madeca cream,0
2025-04-27,centellian24,0
2025-04-27,madeca cream,0
2025-05-04,centellian24,0
2025-05-04,madeca cream,0
2025-05-11,centellian24,0
2025-05-11,madeca cream,0
2025-05-18,centellian24,0
2025-05-18,madeca cream,0
2025-05-25,centellian24,0
2025-05-25,madeca cream,0
2025-06-01,centellian24,0
2025-06-01,madeca cream,0
2025-06-08,centellian24,0
2025-06-08,madeca cream,0
2025-06-15,centellian24,0
2025-06-15,madeca cream,0
2025-06-22,centellian24,0
2025-06-22,madeca cream,0
2025-06-29,centellian24,0
2025-06-29,madeca cream,0
2025-07-06,centellian24,0
2025-07-06,madeca cream,17
2025-07-13,centellian24,0
2025-07-13,madeca cream,16
2025-07-20,centellian24,0
2025-07-20,madeca cream,27
2025-07-27,centellian24,0
2025-07-27,madeca cream,0
2025-08-03,centellian24,0
2025-08-03,madeca cream,12
2025-08-10,centellian24,0
2025-08-10,madeca cream,17
2025-08-17,centellian24,0
2025-08-17,madeca cream,13
2025-08-24,centellian24,0
2025-08-24,madeca cream,29
2025-08-31,centellian24,0
2025-08-31,madeca cream,58
2025-09-07,centellian24,0
2025-09-07,madeca cream,40
2025-09-14,centellian24,0
2025-09-14,madeca cream,22
2025-09-21,centellian24,0
2025-09-21,madeca cream,29
2025-09-28,centellian24,0
2025-09-28,madeca cream,40
2025-10-05,centellian24,0
2025-10-05,madeca cream,27
2025-10-12,centellian24,0
2025-10-12,madeca cream,25
2025-10-19,centellian24,0
2025-10-19,madeca cream,32
2025-10-26,centellian24,0
2025-10-26,madeca cream,34
2025-11-02,centellian24,0
2025-11-02,madeca cream,36
2025-11-09,centellian24,0
2025-11-09,madeca cream,36
2025-11-16,centellian24,0
2025-11-16,madeca cream,57
2025-11-23,centellian24,0
2025-11-23,madeca cream,73
2025-11-30,centellian24,0
2025-11-30,madeca cream,94
2025-12-07,centellian24,0
2025-12-07,madeca cream,60
2025-12-14,centellian24,12
2025-12-14,madeca cream,62
2025-12-21,centellian24,0
2025-12-21,madeca cream,80
2025-12-28,centellian24,0
2025-12-28,madeca cream,94
2026-01-04,centellian24,0
2026-01-04,madeca cream,61
2026-01-11,centellian24,0
2026-01-11,madeca cream,77
2026-01-18,centellian24,0
2026-01-18,madeca cream,56
2026-01-25,centellian24,0
2026-01-25,madeca cream,63
2026-02-01,centellian24,0
2026-02-01,madeca cream,66
2026-02-08,centellian24,0
2026-02-08,madeca cream,59
2026-02-15,centellian24,0
2026-02-15,madeca cream,63
2026-02-22,centellian24,0
2026-02-22,madeca cream,82
2026-03-01,centellian24,0
2026-03-01,madeca cream,61
2026-03-08,centellian24,0
2026-03-08,madeca cream,63
2026-03-15,centellian24,0
2026-03-15,madeca cream,59
2026-03-22,centellian24,0
2026-03-22,madeca cream,67
2026-03-29,centellian24,20
2026-03-29,madeca cream,75
2026-04-05,centellian24,35
2026-04-05,madeca cream,80
2026-04-12,centellian24,49
2026-04-12,madeca cream,77
2026-04-19,centellian24,25
2026-04-19,madeca cream,72
2026-04-26,centellian24,16
2026-04-26,madeca cream,76
2026-05-03,centellian24,15
2026-05-03,madeca cream,72
2026-05-10,centellian24,31
2026-05-10,madeca cream,82
2026-05-17,centellian24,30
2026-05-17,madeca cream,62
2026-05-24,centellian24,24
2026-05-24,madeca cream,61
2026-05-31,centellian24,13
2026-05-31,madeca cream,58
2026-06-07,centellian24,0
2026-06-07,madeca cream,64
2026-06-14,centellian24,13
2026-06-14,madeca cream,70
2026-06-21,centellian24,27
2026-06-21,madeca cream,99
2026-06-28,centellian24,0
2026-06-28,madeca cream,72
2026-07-05,centellian24,17
2026-07-05,madeca cream,88
2026-07-12,centellian24,0
2026-07-12,madeca cream,80
2026-07-19,centellian24,0
2026-07-19,madeca cream,84
2026-07-26,centellian24,13
2026-07-26,madeca cream,62
2026-08-02,centellian24,0
2026-08-02,madeca cream,64
2026-08-09,centellian24,0
2026-08-09,madeca cream,69
2026-08-16,centellian24,0
2026-08-16,madeca cream,97
2026-08-23,centellian24,5
2026-08-23,madeca cream,91
2026-08-30,centellian24,10
2026-08-30,madeca cream,100
2026-09-06,centellian24,10
2026-09-06,madeca cream,83
