지역,제도,내용,시점,상태,출처,URL,접근일,비고
미국,MACR 비중국산 원가비율 (48E ESS 프로젝트),2026년 55% → 2027년 60% → 2028년 65% → 2030년 이후 75%+,2026~,진행,입문서 2차전지_산업입문서_EV_ESS_v02.docx D장,,2026-09-01,비율 상향 시점마다 비중국 소재 수요 계단식 증가
미국,45X 생산세액공제(AMPC) 단계 축소,2030년 75% → 2033년 0%,2030~2033,예정,입문서 2차전지_산업입문서_EV_ESS_v02.docx 로드맵,,2026-09-01,셀 3사 이익의 핵심 변수
미국,소비자 세액공제 30D(신차)·25E(중고) 종료,2025-09-30 종료 → 10월 신차 EV 판매 20.1만→8.1만대,2025-09-30,종료,입문서 2차전지_산업입문서_EV_ESS_v02.docx E-1,,2026-09-01,미국 캐즘 지속의 직접 원인
EU,IAA (Industrial Accelerator Act),공공조달·보조금에 EU산 요건. 초기 EU산 셀+주요부품 3개 → 발효 3년 후 5개(셀·양극재·BMS 필수),최종 채택 대기,관찰,입문서 2차전지_산업입문서_EV_ESS_v02.docx E-3,,2026-09-01,시행 시 유럽 OEM 평균 44.8%p 비중국계 재배분
EU,배터리 규정 — 공급망 실사 / 배터리 패스포트,실사 2027-08 / 패스포트 2027-02,2027,예정,입문서 2차전지_산업입문서_EV_ESS_v02.docx E-3,,2026-09-01,
EU,법인차 규제 CCV,"대기업 신규 법인차 무공해+저공해 69%, 무공해 최소 45%",2030-01-01,예정,입문서 2차전지_산업입문서_EV_ESS_v02.docx E-3,,2026-09-01,약 160GWh 신규 수요 추정
EU,Battery Booster 15억유로 무이자 대출,기존 상업 셀 생산 경험 기업 배제,2026-06-09 설립,시행,입문서 2차전지_산업입문서_EV_ESS_v02.docx E-3,,2026-09-01,한국 3사·CATL 수혜 불가
중국,리튬이온전지 소비세,2026-09 2% → 2027-09 4% (나트륨·전고체 2028까지 면세),2026-09,진행,입문서 2차전지_산업입문서_EV_ESS_v02.docx E-1,,2026-09-01,중국산 수출 원가 상승 요인
미국,전력망 행정명령 시행규칙 / IRS Notice,MACR 세부 규정·계통접속 개혁 관찰,수시,관찰,입문서 2차전지_산업입문서_EV_ESS_v02.docx D-6,,2026-09-01,발표 시 이 행에 날짜·링크 추가
