date,company,report,url
20260811,삼성SDI,투자판단관련주요경영사항,https://dart.fss.or.kr/dsaf001/main.do?rcpNo=20260811800246
20260521,SK이노베이션,[기재정정]투자판단관련주요경영사항,https://dart.fss.or.kr/dsaf001/main.do?rcpNo=20260521800561
20260401,LG에너지솔루션,[기재정정]투자판단관련주요경영사항,https://dart.fss.or.kr/dsaf001/main.do?rcpNo=20260401800806
20260331,LG에너지솔루션,[기재정정]투자판단관련주요경영사항,https://dart.fss.or.kr/dsaf001/main.do?rcpNo=20260331801967
20260213,LG에너지솔루션,투자판단관련주요경영사항,https://dart.fss.or.kr/dsaf001/main.do?rcpNo=20260213800862
20260206,LG에너지솔루션,투자판단관련주요경영사항,https://dart.fss.or.kr/dsaf001/main.do?rcpNo=20260206801724
20260130,삼성SDI,투자판단관련주요경영사항,https://dart.fss.or.kr/dsaf001/main.do?rcpNo=20260130800516
20251231,SK이노베이션,[기재정정]신규시설투자등(자회사의 주요경영사항),https://dart.fss.or.kr/dsaf001/main.do?rcpNo=20251231800559
20251226,LG에너지솔루션,[기재정정]투자판단관련주요경영사항,https://dart.fss.or.kr/dsaf001/main.do?rcpNo=20251226800783
20251226,LG에너지솔루션,[기재정정]단일판매ㆍ공급계약체결,https://dart.fss.or.kr/dsaf001/main.do?rcpNo=20251226800767
20251226,LG에너지솔루션,단일판매ㆍ공급계약해지,https://dart.fss.or.kr/dsaf001/main.do?rcpNo=20251226800706
20251222,SK이노베이션,투자판단관련주요경영사항(자회사의 주요경영사항),https://dart.fss.or.kr/dsaf001/main.do?rcpNo=20251222800488
20251217,LG에너지솔루션,[기재정정]단일판매ㆍ공급계약체결,https://dart.fss.or.kr/dsaf001/main.do?rcpNo=20251217800853
20251217,LG에너지솔루션,단일판매ㆍ공급계약해지,https://dart.fss.or.kr/dsaf001/main.do?rcpNo=20251217800800
20251208,LG에너지솔루션,단일판매ㆍ공급계약체결,https://dart.fss.or.kr/dsaf001/main.do?rcpNo=20251208800031
20250903,LG에너지솔루션,단일판매ㆍ공급계약체결,https://dart.fss.or.kr/dsaf001/main.do?rcpNo=20250903800022
20250903,LG에너지솔루션,단일판매ㆍ공급계약체결,https://dart.fss.or.kr/dsaf001/main.do?rcpNo=20250903800021
20250730,LG에너지솔루션,단일판매ㆍ공급계약체결,https://dart.fss.or.kr/dsaf001/main.do?rcpNo=20250730800046
20250716,SK이노베이션,단일판매ㆍ공급계약체결(자회사의 주요경영사항),https://dart.fss.or.kr/dsaf001/main.do?rcpNo=20250716800448
20250715,SK이노베이션,단일판매ㆍ공급계약체결(자회사의 주요경영사항),https://dart.fss.or.kr/dsaf001/main.do?rcpNo=20250715800342
20250616,LG에너지솔루션,단일판매ㆍ공급계약체결,https://dart.fss.or.kr/dsaf001/main.do?rcpNo=20250616800147
20250319,SK이노베이션,투자판단관련주요경영사항,https://dart.fss.or.kr/dsaf001/main.do?rcpNo=20250319800763
20250314,삼성SDI,단일판매ㆍ공급계약체결(자율공시),https://dart.fss.or.kr/dsaf001/main.do?rcpNo=20250314800002
20241217,SK이노베이션,투자판단관련주요경영사항(자회사의 주요경영사항),https://dart.fss.or.kr/dsaf001/main.do?rcpNo=20241217800374
20241205,SK이노베이션,투자판단관련주요경영사항(자회사의 주요경영사항),https://dart.fss.or.kr/dsaf001/main.do?rcpNo=20241205800244
20241127,SK이노베이션,투자판단관련주요경영사항,https://dart.fss.or.kr/dsaf001/main.do?rcpNo=20241127800559
20241015,LG에너지솔루션,단일판매ㆍ공급계약체결,https://dart.fss.or.kr/dsaf001/main.do?rcpNo=20241015800261
20241015,LG에너지솔루션,단일판매ㆍ공급계약체결,https://dart.fss.or.kr/dsaf001/main.do?rcpNo=20241015800258
20241008,LG에너지솔루션,단일판매ㆍ공급계약체결,https://dart.fss.or.kr/dsaf001/main.do?rcpNo=20241008800163
20240828,삼성SDI,투자판단관련주요경영사항,https://dart.fss.or.kr/dsaf001/main.do?rcpNo=20240828800001
20240702,LG에너지솔루션,단일판매ㆍ공급계약체결,https://dart.fss.or.kr/dsaf001/main.do?rcpNo=20240702800004
20240517,LG에너지솔루션,단일판매ㆍ공급계약체결,https://dart.fss.or.kr/dsaf001/main.do?rcpNo=20240517800071
20240401,LG에너지솔루션,단일판매ㆍ공급계약체결,https://dart.fss.or.kr/dsaf001/main.do?rcpNo=20240401800927
20240325,SK이노베이션,투자판단관련주요경영사항(자회사의 주요경영사항),https://dart.fss.or.kr/dsaf001/main.do?rcpNo=20240325800751
20240126,LG에너지솔루션,단일판매ㆍ공급계약체결,https://dart.fss.or.kr/dsaf001/main.do?rcpNo=20240126800734
20231220,SK이노베이션,신규시설투자등(자회사의 주요경영사항),https://dart.fss.or.kr/dsaf001/main.do?rcpNo=20231220800236
20231220,SK이노베이션,투자판단관련주요경영사항(자회사의 주요경영사항),https://dart.fss.or.kr/dsaf001/main.do?rcpNo=20231220800226
20231024,SK이노베이션,투자판단관련주요경영사항(자회사의 주요경영사항),https://dart.fss.or.kr/dsaf001/main.do?rcpNo=20231024800289
20230927,삼성SDI,투자판단관련주요경영사항,https://dart.fss.or.kr/dsaf001/main.do?rcpNo=20230927800181
