group,tour,date,month,quarter,city,country,region,venue,capacity,shows,seats,price_usd,taking,att_est,gross_usd_m,yg_rev_usd_m,yg_rev_krw_mn,ref
BIGBANG,"BIGBANG 2026-2027 World Tour: XX : COSMOS (20th anniversary, announced as '20/26')",2026-08-21,2026-08,2026 3Q,Goyang,South Korea,KR,Goyang Stadium,41311,3,123933,110,,117736.0,12.951,5.18,7770.6,https://en.wikipedia.org/wiki/XX:_Cosmos_World_Tour
BIGBANG,"BIGBANG 2026-2027 World Tour: XX : COSMOS (20th anniversary, announced as '20/26')",2026-09-04,2026-09,2026 3Q,Oakland,United States,NA/EU,Oakland Coliseum,47416,2,94832,180,,90090.0,16.216,5.676,8513.5,https://en.wikipedia.org/wiki/XX:_Cosmos_World_Tour
BIGBANG,"BIGBANG 2026-2027 World Tour: XX : COSMOS (20th anniversary, announced as '20/26')",2026-09-11,2026-09,2026 3Q,East Rutherford,United States,NA/EU,MetLife Stadium,82500,1,82500,180,,78375.0,14.107,4.938,7406.4,https://en.wikipedia.org/wiki/XX:_Cosmos_World_Tour
BIGBANG,"BIGBANG 2026-2027 World Tour: XX : COSMOS (20th anniversary, announced as '20/26')",2026-09-19,2026-09,2026 3Q,Saint-Denis,France,NA/EU,Stade de France,81338,1,81338,180,,77271.0,13.909,4.868,7302.1,https://en.wikipedia.org/wiki/XX:_Cosmos_World_Tour
BIGBANG,"BIGBANG 2026-2027 World Tour: XX : COSMOS (20th anniversary, announced as '20/26')",2026-09-26,2026-09,2026 3Q,London,United Kingdom,NA/EU,Tottenham Hotspur Stadium,62850,1,62850,180,,59708.0,10.747,3.762,5642.4,https://en.wikipedia.org/wiki/XX:_Cosmos_World_Tour
BIGBANG,"BIGBANG 2026-2027 World Tour: XX : COSMOS (20th anniversary, announced as '20/26')",2026-10-10,2026-10,2026 4Q,Taipei,Taiwan,APAC-DM,Taipei Dome,40000,2,80000,150,,76000.0,11.4,3.99,5985.0,https://en.wikipedia.org/wiki/XX:_Cosmos_World_Tour
BIGBANG,"BIGBANG 2026-2027 World Tour: XX : COSMOS (20th anniversary, announced as '20/26')",2026-10-17,2026-10,2026 4Q,Singapore,Singapore,APAC-DM,Singapore National Stadium,55000,1,55000,150,,52250.0,7.838,2.743,4114.7,https://en.wikipedia.org/wiki/XX:_Cosmos_World_Tour
BIGBANG,"BIGBANG 2026-2027 World Tour: XX : COSMOS (20th anniversary, announced as '20/26')",2026-10-24,2026-10,2026 4Q,Hanoi,Vietnam,APAC-EM,My Dinh National Stadium,40192,2,80384,80,,76365.0,6.109,2.138,3207.3,https://en.wikipedia.org/wiki/XX:_Cosmos_World_Tour
BIGBANG,"BIGBANG 2026-2027 World Tour: XX : COSMOS (20th anniversary, announced as '20/26')",2026-10-31,2026-10,2026 4Q,Sydney,Australia,APAC-DM,Accor Stadium,83000,1,83000,150,,78850.0,11.828,4.14,6209.4,https://en.wikipedia.org/wiki/XX:_Cosmos_World_Tour
BIGBANG,"BIGBANG 2026-2027 World Tour: XX : COSMOS (20th anniversary, announced as '20/26')",2026-11-07,2026-11,2026 4Q,Bangkok,Thailand,APAC-EM,Rajamangala Stadium,51560,1,51560,80,,48982.0,3.919,1.371,2057.2,https://en.wikipedia.org/wiki/XX:_Cosmos_World_Tour
BIGBANG,"BIGBANG 2026-2027 World Tour: XX : COSMOS (20th anniversary, announced as '20/26')",2026-11-13,2026-11,2026 4Q,Hong Kong,Hong Kong,APAC-DM,Kai Tak Stadium,50000,3,150000,150,,142500.0,21.375,7.481,11221.9,https://en.wikipedia.org/wiki/XX:_Cosmos_World_Tour
BIGBANG,"BIGBANG 2026-2027 World Tour: XX : COSMOS (20th anniversary, announced as '20/26')",2026-11-27,2026-11,2026 4Q,Osaka,Japan,JP,Kyocera Dome Osaka,55000,3,165000,130,,156750.0,20.378,6.113,9169.9,https://en.wikipedia.org/wiki/XX:_Cosmos_World_Tour
BIGBANG,"BIGBANG 2026-2027 World Tour: XX : COSMOS (20th anniversary, announced as '20/26')",2026-12-05,2026-12,2026 4Q,Nagoya,Japan,JP,Vantelin Dome Nagoya,49000,2,98000,130,,93100.0,12.103,3.631,5446.3,https://en.wikipedia.org/wiki/XX:_Cosmos_World_Tour
BIGBANG,"BIGBANG 2026-2027 World Tour: XX : COSMOS (20th anniversary, announced as '20/26')",2026-12-13,2026-12,2026 4Q,Tokyo,Japan,JP,Tokyo Dome,55000,3,165000,130,,156750.0,20.378,6.113,9169.9,https://en.wikipedia.org/wiki/XX:_Cosmos_World_Tour
BIGBANG,"BIGBANG 2026-2027 World Tour: XX : COSMOS (20th anniversary, announced as '20/26')",2026-12-26,2026-12,2026 4Q,Fukuoka,Japan,JP,Mizuho PayPay Dome Fukuoka,47500,2,95000,130,,90250.0,11.732,3.52,5279.6,https://en.wikipedia.org/wiki/XX:_Cosmos_World_Tour
BIGBANG,"BIGBANG 2026-2027 World Tour: XX : COSMOS (20th anniversary, announced as '20/26')",2027-01-09,2027-01,2027 1Q,Kuala Lumpur,Malaysia,APAC-EM,TM Stadium Nasional,87411,1,87411,80,,83040.0,6.643,2.325,3487.7,https://en.wikipedia.org/wiki/XX:_Cosmos_World_Tour
BIGBANG,"BIGBANG 2026-2027 World Tour: XX : COSMOS (20th anniversary, announced as '20/26')",2027-01-16,2027-01,2027 1Q,Jakarta,Indonesia,APAC-EM,Jakarta International Stadium,82000,1,82000,80,,77900.0,6.232,2.181,3271.8,https://en.wikipedia.org/wiki/XX:_Cosmos_World_Tour
BIGBANG,"BIGBANG 2026-2027 World Tour: XX : COSMOS (20th anniversary, announced as '20/26')",2027-02-20,2027-02,2027 1Q,Paranaque,Philippines,APAC-EM,SMDC Festival Grounds,50000,1,50000,80,,47500.0,3.8,1.33,1995.0,https://en.wikipedia.org/wiki/XX:_Cosmos_World_Tour
BIGBANG,"BIGBANG 2026-2027 World Tour: XX : COSMOS (20th anniversary, announced as '20/26')",2027-02-27,2027-02,2027 1Q,Kaohsiung,Taiwan,APAC-DM,Kaohsiung National Stadium,55000,2,110000,150,,104500.0,15.675,5.486,8229.4,https://en.wikipedia.org/wiki/XX:_Cosmos_World_Tour
