date,rev3q_eok,rev4q_eok,op3q_eok,op4q_eok
2025-09-05,2000.0,2240.0,250.0,270.0
2025-09-08,2000.0,2240.0,250.0,270.0
2025-09-09,2000.0,2240.0,250.0,270.0
2025-09-10,2000.0,2240.0,250.0,270.0
2025-09-11,2000.0,2240.0,250.0,270.0
2025-09-12,2000.0,2240.0,250.0,270.0
2025-09-15,2000.0,2240.0,250.0,270.0
2025-09-16,2000.0,2240.0,250.0,270.0
2025-09-17,2000.0,2240.0,250.0,270.0
2025-09-18,2000.0,2240.0,250.0,270.0
2025-09-19,2000.0,2240.0,250.0,270.0
2025-09-22,2000.0,2240.0,250.0,270.0
2025-09-23,2000.0,2240.0,250.0,270.0
2025-09-24,2000.0,2240.0,250.0,270.0
2025-09-25,2000.0,2240.0,250.0,270.0
2025-11-10,1424.0,1365.5,168.5,155.0
2025-11-11,1424.0,1365.5,168.5,155.0
2025-11-12,1424.0,1365.5,168.5,155.0
2025-11-13,1424.0,1365.5,168.5,155.0
2025-11-14,1446.0,1463.6666667,172.3333333,183.3333333
2025-11-17,1446.0,1463.6666667,172.3333333,183.3333333
2025-11-18,1446.0,1463.6666667,172.3333333,183.3333333
2025-11-19,1446.0,1463.6666667,172.3333333,183.3333333
2025-11-20,1446.0,1463.6666667,172.3333333,183.3333333
2025-11-21,1446.0,1463.6666667,172.3333333,183.3333333
2025-11-24,1446.0,1463.6666667,172.3333333,183.3333333
2025-11-25,1446.0,1463.6666667,172.3333333,183.3333333
2025-11-26,1446.0,1463.6666667,172.3333333,183.3333333
2025-11-27,1446.0,1463.6666667,172.3333333,183.3333333
2025-11-28,1446.0,1463.6666667,172.3333333,183.3333333
2025-12-01,1446.0,1463.6666667,172.3333333,183.3333333
2025-12-02,1446.0,1463.6666667,172.3333333,183.3333333
2025-12-03,1446.0,1463.6666667,172.3333333,183.3333333
2025-12-04,1446.0,1463.6666667,172.3333333,183.3333333
2025-12-05,1446.0,1463.6666667,172.3333333,183.3333333
2025-12-08,1437.5,1402.0,171.5,167.25
2025-12-09,1437.5,1402.0,171.5,167.25
2025-12-10,1437.5,1402.0,171.5,167.25
2025-12-11,1437.5,1402.0,171.5,167.25
2025-12-12,1437.5,1402.0,171.5,167.25
2025-12-15,1437.5,1402.0,171.5,167.25
2025-12-16,1437.5,1402.0,171.5,167.25
2025-12-17,1437.5,1402.0,171.5,167.25
2025-12-18,1437.5,1402.0,171.5,167.25
2025-12-19,1437.5,1402.0,171.5,167.25
2025-12-22,1437.5,1402.0,171.5,167.25
2025-12-23,1437.5,1402.0,171.5,167.25
2025-12-24,1437.5,1402.0,171.5,167.25
2025-12-26,1437.5,1402.0,171.5,167.25
2025-12-29,1437.5,1402.0,171.5,167.25
2025-12-30,1437.5,1402.0,171.5,167.25
2026-01-02,1437.5,1402.0,171.5,167.25
2026-01-05,1437.5,1402.0,171.5,167.25
2026-01-06,1437.5,1402.0,171.5,167.25
2026-01-07,1416.0,1429.6,161.2,189.8
2026-01-08,1416.0,1429.6,161.2,189.8
2026-01-09,1342.0,1401.6,147.2,191.8
2026-01-12,1342.0,1401.6,147.2,191.8
2026-01-13,1349.2,1415.6,147.4,195.8
2026-01-14,1371.2,1389.6,149.4,189.8
2026-01-15,1377.6666667,1393.0,156.1666667,196.5
2026-01-16,1377.6666667,1393.0,156.1666667,196.5
2026-01-19,1420.125,1441.625,173.25,200.875
2026-01-20,1399.3333333,1429.7777778,173.3333333,200.6666667
2026-01-21,1399.3333333,1429.7777778,173.3333333,200.6666667
2026-01-22,1399.3333333,1429.7777778,173.3333333,200.6666667
2026-01-23,1419.7777778,1468.6666667,177.5555556,212.6666667
2026-01-26,1419.7777778,1468.6666667,177.5555556,212.6666667
2026-01-27,1388.0,1437.9,173.5,204.3
2026-01-28,1388.0,1437.9,173.5,204.3
2026-01-29,1388.0,1437.9,173.5,204.3
2026-01-30,1388.0,1437.9,173.5,204.3
2026-02-02,1388.0,1437.9,173.5,204.3
2026-02-03,1388.0,1437.9,173.5,204.3
2026-02-04,1388.0,1437.9,173.5,204.3
2026-02-05,1388.0,1437.9,173.5,204.3
2026-02-06,1388.0,1437.9,173.5,204.3
2026-02-09,1388.0,1437.9,173.5,204.3
2026-02-10,1388.0,1437.9,173.5,204.3
2026-02-11,1388.0,1437.9,173.5,204.3
2026-02-12,1388.0,1437.9,173.5,204.3
2026-02-13,1388.0,1437.9,173.5,204.3
2026-02-19,1388.0,1437.9,173.5,204.3
2026-02-20,1388.0,1437.9,173.5,204.3
2026-02-23,1388.0,1437.9,173.5,204.3
2026-02-24,1388.0,1437.9,173.5,204.3
2026-02-25,1388.0,1437.9,173.5,204.3
2026-02-26,1388.0,1437.9,173.5,204.3
2026-02-27,1344.3571428999999,1399.4285713999998,167.0714286,191.0714286
2026-03-03,1344.3571428999999,1399.4285713999998,167.0714286,191.0714286
2026-03-04,1415.2666666999999,1460.2,183.2,199.4
2026-03-05,1471.2666666999999,1511.5333333,200.53333329999998,216.0666667
2026-03-06,1471.2666666999999,1511.5333333,200.53333329999998,216.0666667
2026-03-09,1471.2666666999999,1511.5333333,200.53333329999998,216.0666667
2026-03-10,1471.2666666999999,1511.5333333,200.53333329999998,216.0666667
2026-03-11,1471.2666666999999,1511.5333333,200.53333329999998,216.0666667
2026-03-12,1482.875,1517.9375,206.0,217.25
2026-03-13,1482.875,1517.9375,206.0,217.25
2026-03-16,1482.875,1517.9375,206.0,217.25
2026-03-17,1482.875,1517.9375,206.0,217.25
2026-03-18,1501.0,1545.8235293999999,214.8823529,217.5882353
2026-03-19,1508.7058824,1550.7647059,215.7647059,218.1764706
2026-03-20,1508.7058824,1550.7647059,215.7647059,218.1764706
2026-03-23,1508.7058824,1550.7647059,215.7647059,218.1764706
2026-03-24,1501.5555556,1539.0555556,212.6666667,214.9444444
2026-03-25,1499.7777778,1535.2222222,211.1111111,213.1111111
2026-03-26,1499.7777778,1535.2222222,211.1111111,213.1111111
2026-03-27,1499.7777778,1535.2222222,211.1111111,213.1111111
2026-03-30,1499.7777778,1535.2222222,211.1111111,213.1111111
2026-03-31,1499.7777778,1535.2222222,211.1111111,213.1111111
2026-04-01,1499.7777778,1535.2222222,211.1111111,213.1111111
2026-04-02,1499.7777778,1535.2222222,211.1111111,213.1111111
2026-04-03,1499.7777778,1535.2222222,211.1111111,213.1111111
2026-04-06,1493.7222222,1534.0555556,207.22222219999998,213.0
2026-04-07,1493.7222222,1534.0555556,207.22222219999998,213.0
2026-04-08,1493.7222222,1534.0555556,207.22222219999998,213.0
2026-04-09,1517.4705881999998,1535.4705881999998,214.1176471,209.6470588
2026-04-10,1517.4705881999998,1535.4705881999998,214.1176471,209.6470588
2026-04-13,1550.4117647,1574.8823529,217.6470588,220.8235294
2026-04-14,1543.9411765,1589.0,215.8823529,222.0
2026-04-15,1535.1176471,1600.1764706000001,212.3529412,227.29411760000002
2026-04-16,1535.1176471,1600.1764706000001,212.3529412,227.29411760000002
2026-04-17,1552.9411765,1615.9411765,215.70588239999998,225.4117647
2026-04-20,1572.9375,1633.5,218.3125,227.0625
2026-04-21,1572.9375,1633.5,218.3125,227.0625
2026-04-22,1564.125,1626.8125,212.75,231.25
2026-04-23,1597.875,1647.4375,221.75,235.875
2026-04-24,1597.875,1647.4375,221.75,235.875
2026-04-27,1597.875,1647.4375,221.75,235.875
2026-04-28,1597.875,1647.4375,221.75,235.875
2026-04-29,1597.875,1647.4375,221.75,235.875
2026-04-30,1597.875,1647.4375,221.75,235.875
2026-05-04,1597.875,1647.4375,221.75,235.875
2026-05-06,1597.875,1647.4375,221.75,235.875
2026-05-07,1597.875,1647.4375,221.75,235.875
2026-05-08,1597.875,1647.4375,221.75,235.875
2026-05-11,1630.0555556,1697.6666667,231.0,255.27777780000002
2026-05-12,1630.0555556,1697.6666667,231.0,255.27777780000002
2026-05-13,1630.0555556,1697.6666667,231.0,255.27777780000002
2026-05-14,1630.0555556,1697.6666667,231.0,255.27777780000002
2026-05-15,1630.0555556,1697.6666667,231.0,255.27777780000002
2026-05-18,1630.0555556,1697.6666667,231.0,255.27777780000002
2026-05-19,1630.0555556,1697.6666667,231.0,255.27777780000002
2026-05-20,1630.0555556,1697.6666667,231.0,255.27777780000002
2026-05-21,1630.0555556,1697.6666667,231.0,255.27777780000002
2026-05-22,1630.0555556,1697.6666667,231.0,255.27777780000002
2026-05-26,1630.0555556,1697.6666667,231.0,255.27777780000002
2026-05-27,1630.0555556,1697.6666667,231.0,255.27777780000002
2026-05-28,1630.0555556,1697.6666667,231.0,255.27777780000002
2026-05-29,1630.0555556,1697.6666667,231.0,255.27777780000002
2026-06-01,1630.0555556,1697.6666667,231.0,255.27777780000002
2026-06-02,1630.0555556,1697.6666667,231.0,255.27777780000002
2026-06-04,1608.4117647,1682.1764706000001,224.6470588,252.8823529
2026-06-05,1608.4117647,1682.1764706000001,224.6470588,252.8823529
2026-06-08,1608.4117647,1682.1764706000001,224.6470588,252.8823529
2026-06-09,1608.4117647,1682.1764706000001,224.6470588,252.8823529
2026-06-10,1604.2941176,1681.0,224.05882350000002,251.70588239999998
2026-06-11,1605.9411765,1697.5294118000002,224.2352941,253.5294118
2026-06-12,1618.3888888999998,1719.8888888999998,222.8888889,252.22222219999998
2026-06-15,1618.3888888999998,1719.8888888999998,222.8888889,252.22222219999998
2026-06-16,1618.3888888999998,1719.8888888999998,222.8888889,252.22222219999998
2026-06-17,1618.3888888999998,1719.8888888999998,222.8888889,252.22222219999998
2026-06-18,1618.2222222,1723.5,223.22222219999998,252.0555556
2026-06-19,1618.2222222,1723.5,223.22222219999998,252.0555556
2026-06-22,1618.2222222,1723.5,223.22222219999998,252.0555556
2026-06-23,1618.2222222,1723.5,223.22222219999998,252.0555556
2026-06-24,1632.2352941,1746.0588235,226.94117649999998,257.4705882
2026-06-25,1632.2352941,1746.0588235,226.94117649999998,257.4705882
2026-06-26,1632.2352941,1746.0588235,226.94117649999998,257.4705882
2026-06-29,1632.2352941,1746.0588235,226.94117649999998,257.4705882
2026-06-30,1632.2352941,1746.0588235,226.94117649999998,257.4705882
2026-07-01,1632.2352941,1746.0588235,226.94117649999998,257.4705882
2026-07-02,1628.1176471,1770.1764706000001,225.1764706,257.4705882
2026-07-03,1628.1176471,1770.1764706000001,225.1764706,257.4705882
2026-07-06,1628.1176471,1770.1764706000001,225.1764706,257.4705882
2026-07-07,1624.8823529,1760.3529412,229.70588239999998,254.94117649999998
2026-07-08,1624.8823529,1760.3529412,229.70588239999998,254.94117649999998
2026-07-09,1624.8823529,1760.3529412,229.70588239999998,254.94117649999998
2026-07-10,1624.8823529,1760.3529412,229.70588239999998,254.94117649999998
2026-07-13,1652.0625,1782.875,235.3125,255.25
2026-07-14,1648.2,1768.4,235.6666667,254.26666670000003
2026-07-15,1638.5714286000002,1769.5,231.2857143,248.2857143
2026-07-16,1638.5714286000002,1769.5,231.2857143,248.2857143
2026-07-20,1663.2307692,1829.8461538,227.1538462,249.46153850000002
2026-07-21,1663.5625,1879.1875,223.5625,264.5625
2026-07-22,1674.0625,1884.9375,221.375,264.125
2026-07-23,1674.6875,1893.6875,220.125,262.875
2026-07-24,1674.6875,1893.6875,220.125,262.875
2026-07-27,1674.6875,1893.6875,220.125,262.875
2026-07-28,1674.6875,1893.6875,220.125,262.875
2026-07-29,1674.6875,1893.6875,220.125,262.875
2026-07-30,1674.6875,1893.6875,220.125,262.875
2026-07-31,1674.6875,1893.6875,220.125,262.875
2026-08-03,1674.6875,1893.6875,220.125,262.875
2026-08-04,1674.6875,1893.6875,220.125,262.875
2026-08-05,1674.6875,1893.6875,220.125,262.875
2026-08-06,1674.6875,1893.6875,220.125,262.875
2026-08-07,1674.6875,1893.6875,220.125,262.875
2026-08-10,1666.9375,1950.125,215.25,276.5
2026-08-11,1664.25,1966.375,214.875,277.6875
2026-08-12,1664.25,1966.375,214.875,277.6875
2026-08-13,1664.25,1966.375,214.875,277.6875
2026-08-14,1664.25,1966.375,214.875,277.6875
2026-08-18,1664.25,1966.375,214.875,277.6875
2026-08-19,1670.5625,1966.5,215.5625,277.6875
2026-08-20,1670.5625,1966.5,215.5625,277.6875
2026-08-21,1670.5625,1966.5,215.5625,277.6875
2026-08-24,1670.5625,1966.5,215.5625,277.6875
2026-08-25,1670.5625,1966.5,215.5625,277.6875
2026-08-26,1670.5625,1966.5,215.5625,277.6875
2026-08-27,1670.5625,1966.5,215.5625,277.6875
2026-08-28,1670.5625,1966.5,215.5625,277.6875
2026-08-31,1670.5625,1966.5,215.5625,277.6875
2026-09-01,1670.5625,1966.5,215.5625,277.6875
2026-09-02,1670.5625,1966.5,215.5625,277.6875
2026-09-03,1670.5625,1966.5,215.5625,277.6875
2026-09-04,1670.5625,1966.5,215.5625,277.6875
2026-09-07,1670.5625,1966.5,215.5625,277.6875
